HEX:;Index:;Country ID:;Language ID:;Race:;Region:;Confederation:;English:;SHORT_NAME:
BA 04 28 19 01 13;116;1;293;1;1;19;Afghanistan;AFG
BC 08 98 10 01 13;35;2;19;1;1;19;Bahrain;BHR
BD 0C 68 11 01 13;43;3;45;1;1;19;Bangladesh;BGD
BE 10 00 03 01 13;54;4;96;0;1;19;Bhutan;BTN
BF 14 40 07 01 0B;194;5;232;0;1;11;Brunei Darussalam;BRN
C0 18 B0 05 01 0B;275;6;182;0;1;11;Cambodia;KHM
C1 1C A0 5C 01 0B;42;7;404;5;1;11;China;CHN
C4 20 A0 5C 01 0B;24;8;404;5;1;11;Hong Kong;HKG
C5 24 78 14 01 13;64;9;143;1;1;19;India;IND
C6 28 F8 14 01 0B;229;10;159;1;1;11;Indonesia;IDN
C7 2C 60 23 01 13;62;11;108;2;1;19;Iran;IRN
C8 30 98 20 01 13;60;12;19;2;1;19;Iraq;IRQ
C9 34 30 55 01 0B;59;13;166;5;1;11;Japan;JPN
CA 38 98 10 01 13;57;14;19;1;1;19;Jordan;JOR
CB 3C F8 55 01 0B;56;15;191;5;1;11;Korea DPR;PRK
DB 40 F8 55 01 0B;55;16;191;5;1;11;Republic of Korea;KOR
CC 44 98 10 01 13;53;17;19;1;1;19;Kuwait;KWT
CE 48 60 16 01 0B;52;18;204;1;1;11;Laos;LAO
CF 4C 98 00 01 13;51;19;19;0;1;19;Lebanon;LBN
D0 50 A0 0C 01 0B;50;20;404;0;1;11;Macau;MAC
D1 54 40 17 01 0B;49;21;232;1;1;11;Malaysia;MYS
D2 58 D0 12 01 13;48;22;90;1;1;19;Maldives;MDV
D3 5C A0 07 01 0B;47;23;244;0;1;11;Mongolia;MNG
D4 60 D8 51 01 0B;46;24;59;5;1;11;Myanmar;MMR
D5 64 10 08 01 13;44;25;258;0;1;19;Nepal;NPL
D6 68 98 10 01 13;41;26;19;1;1;19;Oman;OMN
D7 6C E0 1B 01 13;40;27;380;1;1;19;Pakistan;PAK
D8 70 98 20 01 13;45;28;19;2;1;19;Palestine;PSE
D9 74 78 13 01 0B;39;29;111;1;1;11;Philippines;PHL
DA 78 98 10 01 13;38;30;19;1;1;19;Qatar;QAT
DC 7C 98 10 01 13;37;31;19;1;1;19;Saudi Arabia;SAU
DD 80 08 50 01 0B;36;32;1;5;1;11;Singapore;SGP
DE 84 D0 19 01 13;34;33;314;1;1;19;Sri Lanka;LKA
DF 88 98 10 01 13;32;34;19;1;1;19;Syria;SYR
E1 90 F8 5A 01 0B;29;36;351;5;1;11;Thailand;THA
E4 94 98 10 01 13;28;37;19;1;1;19;United Arab Emirates;ARE
E6 98 00 5C 01 0B;27;38;384;5;1;11;Vietnam;VNM
E7 9C 98 10 01 13;25;39;19;1;1;19;Yemen;YEM
CD A0 D0 25 02 13;23;40;186;2;2;19;Kyrgyzstan;KGZ
E0 A4 E8 2A 02 13;22;41;349;2;2;19;Tajikistan;TJK
E3 A8 80 2B 02 13;21;42;368;2;2;19;Turkmenistan;TKM
E2 AC E0 1A 01 0B;20;43;348;1;1;11;Timor Leste;TLS
41 B0 98 30 03 05;19;44;19;3;3;5;Algeria;DZA
42 B4 20 09 03 05;18;45;292;0;3;5;Angola;AGO
44 B8 90 03 03 05;17;46;114;0;3;5;Benin;BEN
45 BC 08 00 03 05;16;47;1;0;3;5;Botswana;BWA
47 C0 90 03 03 05;15;48;114;0;3;5;Burkina Faso;BFA
48 C4 68 09 03 05;14;49;301;0;3;5;Burundi;BDI
49 C8 90 03 03 05;13;50;114;0;3;5;Cameroon;CMR
4A CC 20 09 03 05;11;51;292;0;3;5;Cabo Verde;CPV
4B D0 80 09 03 05;10;52;304;0;3;5;Central African Rep.;CAF
4C D4 98 00 03 05;9;53;19;0;3;5;Chad;TCD
4D D8 98 0A 03 05;8;54;339;0;3;5;Comoros;COM
4F DC 90 03 03 05;7;55;114;0;3;5;Congo DR;COD
50 E0 90 03 03 05;6;56;114;0;3;5;Côte d'Ivoire;CIV
51 E4 98 00 03 05;5;57;19;0;3;5;Djibouti;DJI
52 E8 98 00 03 05;4;58;19;0;3;5;Egypt;EGY
53 EC 50 0A 03 05;2;59;330;0;3;5;Equatorial Guinea;GNQ
54 F0 10 0B 03 05;61;60;354;0;3;5;Eritrea;ERI
56 F4 88 00 03 05;31;61;17;0;3;5;Ethiopia;ETH
57 F8 90 03 03 05;247;62;114;0;3;5;Gabon;GAB
58 FC 08 00 03 05;195;63;1;0;3;5;Gambia;GMB
59 00 09 00 03 05;256;64;1;0;3;5;Ghana;GHA
5A 04 91 03 03 05;254;65;114;0;3;5;Guinea;GIN
5B 08 21 09 03 05;252;66;292;0;3;5;Guinea Bissau;GNB
5C 0C 91 0A 03 05;251;67;338;0;3;5;Kenya;KEN
5D 10 49 0A 03 05;250;68;329;0;3;5;Lesotho;LSO
5E 14 09 00 03 05;248;69;1;0;3;5;Liberia;LBR
5F 18 99 00 03 05;243;70;19;0;3;5;Libya;LBY
60 1C 69 07 03 05;242;71;237;0;3;5;Madagascar;MDG
61 20 61 08 03 05;236;72;268;0;3;5;Malawi;MWI
62 24 91 03 03 05;235;73;114;0;3;5;Mali;MLI
63 28 99 00 03 05;187;74;19;0;3;5;Mauritania;MRT
64 2C 91 03 03 05;232;75;114;0;3;5;Mauritius;MUS
66 30 99 30 03 05;147;76;19;3;3;5;Morocco;MAR
67 34 21 09 03 05;185;77;292;0;3;5;Mozambique;MOZ
68 38 09 00 03 05;184;78;1;0;3;5;Namibia;NAM
69 3C 91 03 03 05;182;79;114;0;3;5;Niger;NER
6A 40 09 00 03 05;181;80;1;0;3;5;Nigeria;NGA
6C 44 C9 05 03 05;177;81;185;0;3;5;Rwanda;RWA
6E 48 21 09 03 05;176;82;292;0;3;5;Sao Tome and Principe;STP
6F 4C 91 03 03 05;175;83;114;0;3;5;Senegal;SEN
70 50 81 02 03 05;174;84;80;0;3;5;Seychelles;SYC
71 54 09 00 03 05;172;85;1;0;3;5;Sierra Leone;SLE
72 58 39 0A 03 05;171;86;327;0;3;5;Somalia;SOM
73 5C 49 30 03 05;138;87;9;3;3;5;South Africa;ZAF
75 60 99 00 03 05;165;88;19;0;3;5;Sudan;SDN
55 64 69 0A 03 05;169;89;333;0;3;5;Eswatini;SWZ
76 68 91 0A 03 05;133;90;338;0;3;5;Tanzania;TZA
77 6C 91 03 03 05;170;91;114;0;3;5;Togo;TGO
78 70 99 30 03 05;167;92;19;3;3;5;Tunisia;TUN
79 74 91 0A 03 05;166;93;338;0;3;5;Uganda;UGA
7B 78 09 00 03 05;163;94;1;0;3;5;Zambia;ZMB
7D 7C 09 00 03 05;160;95;1;0;3;5;Zimbabwe;ZWE
4E 88 91 03 03 05;159;98;114;0;3;5;Congo;COG
7E 9C 09 00 04 06;157;103;1;0;4;6;Anguilla;AIA
7F A0 09 00 04 06;156;104;1;0;4;6;Antigua and Barbuda;ATG
80 A4 F1 02 04 06;155;105;94;0;4;6;Aruba;ABW
81 A8 09 00 04 06;153;106;1;0;4;6;Bahamas;BHS
82 AC 09 00 04 06;152;107;1;0;4;6;Barbados;BRB
83 B0 09 00 04 06;150;108;1;0;4;6;Belize;BLZ
84 B4 09 00 04 06;149;109;1;0;4;6;Bermuda;BMU
86 B8 09 30 04 06;148;110;1;3;4;6;Canada;CAN
87 BC 09 00 04 06;146;111;1;0;4;6;Cayman Islands;CYM
88 C0 51 2A 04 06;144;112;330;2;4;6;Costa Rica;CRI
89 C4 51 0A 04 06;141;113;330;0;4;6;Cuba;CUB
8B C8 09 00 04 06;140;114;1;0;4;6;Dominica;DMA
8C CC 51 0A 04 06;139;115;330;0;4;6;Dominican Republic;DOM
8D D0 51 0A 04 06;137;116;330;0;4;6;El Salvador;SLV
90 D4 09 00 04 06;136;117;1;0;4;6;Grenada;GRD
92 DC 51 2A 04 06;135;119;330;2;4;6;Guatemala;GTM
94 E0 41 04 04 06;134;120;136;0;4;6;Haiti;HTI
95 E4 51 1A 04 06;132;121;330;1;4;6;Honduras;HND
96 E8 09 00 04 06;131;122;1;0;4;6;Jamaica;JAM
98 F0 51 2A 04 06;130;124;330;2;4;6;Mexico;MEX
99 F4 09 00 04 06;129;125;1;0;4;6;Montserrat;MSR
9B FC 51 0A 04 06;128;127;330;0;4;6;Nicaragua;NIC
9C 00 52 2A 04 06;127;128;330;2;4;6;Panama;PAN
9D 04 52 1A 04 06;126;129;330;1;4;6;Puerto Rico;PRI
9F 08 0A 00 04 06;78;130;1;0;4;6;Saint Kitts and Nevis;KNA
A0 0C 0A 00 04 06;125;131;1;0;4;6;Saint Lucia;LCA
A3 10 0A 00 04 06;123;132;1;0;4;6;St Vincent & Grenadines;VCT
A6 14 0A 10 04 06;121;133;1;1;4;6;Trinidad and Tobago;TTO
A7 18 0A 00 04 06;120;134;1;0;4;6;Turks and Caicos Is.;TCA
AA 1C 0A 20 04 06;119;135;1;2;4;6;USA;USA
85 20 0A 00 04 06;118;136;1;0;4;6;British Virgin Islands;VGB
A9 24 0A 00 04 06;85;137;1;0;4;6;US Virgin Islands;VIR
A5 2C F2 02 05 06;117;139;94;0;5;6;Suriname;SUR
8A 30 F2 02 04 06;115;140;94;0;4;6;Curaçao;CUW
AB 40 52 4A 05 04;114;144;330;4;5;4;Argentina;ARG
AC 44 52 2A 05 04;113;145;330;2;5;4;Bolivia;BOL
AE 48 22 29 05 04;112;146;292;2;5;4;Brazil;BRA
AF 4C 52 4A 05 04;111;147;330;4;5;4;Chile;CHL
B0 50 52 2A 05 04;110;148;330;2;5;4;Colombia;COL
B1 54 52 1A 05 04;108;149;330;1;5;4;Ecuador;ECU
B5 58 52 4A 05 04;106;150;330;4;5;4;Paraguay;PRY
B6 5C 52 2A 05 04;105;151;330;2;5;4;Peru;PER
B8 60 52 3A 05 04;104;152;330;3;5;4;Uruguay;URY
B9 64 52 2A 05 04;103;153;330;2;5;4;Venezuela;VEN
93 7C 0A 00 05 06;102;159;1;0;5;6;Guyana;GUY
E8 84 0A 00 06 07;100;161;1;0;6;7;American Samoa;ASM
BB 88 0A 40 06 0B;99;162;1;4;6;11;Australia;AUS
EB 8C 22 07 06 07;98;163;228;0;6;7;Cook Islands;COK
EC 90 0A 10 06 07;97;164;1;1;6;7;Fiji;FJI
F2 94 92 23 06 07;96;165;114;2;6;7;New Caledonia;NCL
F3 98 0A 40 06 07;95;166;1;4;6;7;New Zealand;NZL
F8 9C 0A 10 06 07;94;167;1;1;6;7;Papua New Guinea;PNG
FA A0 12 1A 06 07;93;168;322;1;6;7;Samoa;WSM
FB A4 0A 10 06 07;92;169;1;1;6;7;Solomon Islands;SLB
FC A8 92 13 06 07;91;170;114;1;6;7;Tahiti;TAH
FE AC 52 0B 06 07;90;171;362;0;6;7;Tonga;TON
00 B1 9A 01 06 07;89;172;51;0;6;7;Vanuatu;VUT
C3 C0 0A 00 06 0B;88;176;1;0;6;11;Guam;GUM
F7 E0 EA 08 06 07;87;184;285;0;6;7;Palau;PLW
1F F4 5A 24 01 02;86;189;139;2;1;2;Israel;ISR
3D F8 9A 4B 01 02;84;190;371;4;1;2;Turkey;TUR
02 FC 6A 40 02 02;83;191;13;4;2;2;Albania;ALB
04 00 FB 41 02 02;82;192;63;4;2;2;Andorra;AND
05 04 B3 40 02 02;81;193;22;4;2;2;Armenia;ARM
06 08 CB 43 02 02;80;194;121;4;2;2;Austria;AUT
07 0C 0B 41 02 02;79;195;33;4;2;2;Azerbaijan;AZE
08 10 5B 41 02 02;77;196;43;4;2;2;Belarus;BLR
09 14 F3 32 02 02;76;197;94;3;2;2;Belgium;BEL
0A 18 AB 41 02 02;75;198;53;4;2;2;Bosnia and Herzegovina;BIH
0B 1C D3 41 02 02;74;199;58;4;2;2;Bulgaria;BUL
0D 20 B3 49 02 02;73;200;310;4;2;2;Croatia;CRO
0E 24 23 44 02 02;72;201;132;4;2;2;Cyprus;CYP
0F 28 93 42 02 02;71;202;82;4;2;2;Czech Republic;CZE
10 2C A3 42 02 02;69;203;84;4;2;2;Denmark;DEN
11 30 0B 30 02 02;68;204;1;3;2;2;England;ENG
12 34 3B 43 02 02;66;205;103;4;2;2;Estonia;EST
13 38 5B 43 02 02;65;206;107;4;2;2;Faroe Islands;FRO
14 3C 83 43 02 02;226;207;112;4;2;2;Finland;FIN
15 40 93 33 02 02;227;208;114;3;2;2;France;FRA
16 44 C3 43 02 02;224;209;120;4;2;2;Georgia;GEO
17 48 CB 43 02 02;205;210;121;4;2;2;Germany;GER
19 4C 23 44 02 02;231;211;132;4;2;2;Greece;GRE
1B 50 A3 44 02 02;230;212;148;4;2;2;Hungary;HUN
1C 54 C3 44 02 02;228;213;152;4;2;2;Iceland;ISL
1D 58 EB 43 02 02;225;214;125;4;2;2;Ireland;IRL
20 5C 1B 45 02 02;223;215;163;4;2;2;Italy;ITA
22 60 9B 45 02 02;222;216;179;4;2;2;Kazakhstan;KAZ
24 64 73 46 02 02;221;217;206;4;2;2;Latvia;LVA
25 68 CB 43 02 02;220;218;121;4;2;2;Liechtenstein;LIE
26 6C 9B 46 02 02;218;219;211;4;2;2;Lithuania;LTU
27 70 93 43 02 02;217;220;114;4;2;2;Luxembourg;LUX
2D 74 E3 46 02 02;216;221;220;4;2;2;North Macedonia;MKD
28 78 73 47 02 02;215;222;238;4;2;2;Malta;MLT
29 7C 9B 27 02 02;214;223;243;2;2;2;Moldova;MDA
2C 80 F3 32 02 02;213;224;94;3;2;2;Netherlands;NED
2E 84 0B 40 02 02;212;225;1;4;2;2;Northern Ireland;NIR
2F 88 43 48 02 02;211;226;264;4;2;2;Norway;NOR
30 8C 13 49 02 02;210;227;290;4;2;2;Poland;POL
31 90 23 39 02 02;209;228;292;3;2;2;Portugal;POR
32 94 63 49 02 02;208;229;300;4;2;2;Romania;ROU
33 98 73 49 02 02;207;230;302;4;2;2;Russia;RUS
34 9C 1B 45 02 02;206;231;163;4;2;2;San Marino;SMR
35 A0 0B 40 02 02;204;232;1;4;2;2;Scotland;SCO
36 BC A4 49 02 02;190;233;308;4;2;2;Serbia and Montenegro;SCG
37 A8 DB 49 02 02;219;234;315;4;2;2;Slovakia;SVK
38 AC E3 49 02 02;203;235;316;4;2;2;Slovenia;SVN
39 B0 53 4A 02 02;202;236;330;4;2;2;Spain;ESP
3B B4 A3 4A 02 02;201;237;340;4;2;2;Sweden;SWE
3C B8 CB 43 02 02;200;238;121;4;2;2;Switzerland;SUI
3E BC D3 4B 02 02;199;239;378;4;2;2;Ukraine;UKR
E5 C0 EB 4B 02 13;198;240;381;4;2;19;Uzbekistan;UZB
40 C4 0B 40 02 02;197;241;1;4;2;2;Wales;WAL
18 D4 0B 20 02 02;196;245;1;2;2;2;Gibraltar;GIB
2A E8 93 33 02 02;193;250;114;3;2;2;Monaco;MCO
13 11 04 00 00 00;192;260;0;0;0;0;Others;OTH
C2 A8 A4 5C 01 0B;191;298;404;5;1;11;Chinese Taipei;TPE
36 BC A4 49 02 02;190;303;308;4;2;2;Serbia;SRB
2B C0 A4 29 02 02;189;304;308;2;2;2;Montenegro;MNE
23 DC 6C 40 02 02;188;311;13;4;2;2;Kosovo;KOS
74 E0 0C 00 03 05;186;312;1;0;3;5;South Sudan;SSD
