Id;IdTeam;AttackingStyles;BuildUp;AttackingArea;Positioning;SupportRange;NumbersInAttack;DefensiveStyles;ContainmentArea;Pressuring;DefensiveLine;Compactness;NumbersInDefense;NumStrategy;Value1;A
6898;5183;0;0;1;0;6;0;1;1;1;4;7;1;0;23;0
6899;5183;0;0;1;0;6;0;1;1;1;4;7;1;1;23;0
6900;5185;0;1;1;0;8;0;1;1;0;6;8;1;0;17;0
6901;5185;0;0;1;0;8;0;1;1;0;6;8;1;1;17;0
6902;191;1;1;1;1;3;2;0;1;0;8;3;0;0;54;0
6903;191;1;1;0;1;4;2;0;1;0;7;4;2;1;54;0
6904;177;0;0;0;0;8;1;0;0;0;7;7;0;0;16;0
6905;103;1;1;1;1;6;2;0;0;0;9;2;0;0;52;0
6906;103;1;1;1;1;7;2;0;0;0;8;3;0;1;52;0
6907;383;1;1;0;1;4;1;1;0;1;3;4;2;0;48;0
6908;383;1;1;0;1;5;1;1;0;1;2;5;2;1;32;0
6909;201;0;0;1;0;5;1;1;1;1;4;8;1;0;21;0
6910;201;0;0;1;0;6;1;1;1;1;3;9;1;1;21;0
6911;1974;1;1;0;1;4;2;0;0;0;8;6;0;0;50;0
6912;394;0;0;1;0;7;1;0;1;0;7;8;1;0;55;0
6913;394;0;0;1;0;8;1;0;1;0;6;9;1;1;55;0
6917;256;1;0;1;0;9;1;1;1;0;3;3;2;0;55;0
6920;382;0;0;1;0;4;0;1;1;1;5;6;1;0;25;0
6921;251;1;1;0;1;5;1;0;0;1;7;2;1;0;52;0
6922;251;1;1;0;1;6;1;0;0;1;6;3;1;1;52;0
6925;349;0;0;0;1;6;1;1;0;0;6;6;2;0;53;0
6926;349;0;0;0;1;7;1;1;0;0;5;7;2;1;53;0
6927;382;0;0;1;0;5;0;1;1;1;4;7;1;1;25;0
6928;207;0;0;0;0;6;1;0;0;0;5;10;1;0;20;0
6929;102;1;1;1;1;2;2;0;0;0;7;6;0;0;48;0
6930;173;1;1;1;1;2;2;0;0;0;10;1;0;0;48;0
6931;179;1;1;1;0;5;1;1;1;1;3;6;1;1;52;0
6932;179;1;1;1;0;4;1;1;1;1;4;5;1;0;52;0
6933;327;1;1;0;1;2;2;0;0;0;10;2;0;0;57;0
6934;327;1;1;0;1;4;2;0;0;0;8;4;0;1;57;0
6935;1255;1;1;0;1;1;2;0;0;0;7;5;0;0;54;0
6936;101;1;1;1;1;3;1;1;1;0;7;2;1;0;36;0
6937;377;1;1;1;0;5;1;1;1;0;5;5;1;0;23;0
6938;377;1;1;1;0;6;1;1;1;0;4;6;1;1;23;0
6939;178;1;1;0;1;2;2;0;0;0;6;6;1;0;54;0
6940;178;1;1;0;1;3;2;0;0;0;5;7;1;1;54;0
6941;1327;1;1;1;1;6;2;1;1;0;2;3;0;0;32;0
6942;1327;1;1;1;1;7;2;1;1;0;1;4;0;1;39;0
6943;391;0;0;0;0;5;1;1;1;1;2;6;2;1;36;0
6944;391;0;0;0;0;4;1;1;1;1;3;5;2;0;32;0
6945;400;0;0;0;0;5;1;0;0;1;5;5;1;1;0;0
6946;400;0;0;0;0;5;1;0;0;1;5;5;1;0;0;0
6947;1247;0;1;1;0;5;1;0;1;0;5;7;1;0;0;0
6948;1247;0;1;1;0;6;1;0;1;0;4;7;1;1;0;0
6949;120;1;1;1;1;4;2;0;1;0;9;5;1;1;36;0
6950;120;1;1;1;1;2;2;0;1;0;10;3;1;0;52;0
6951;188;0;0;0;0;7;1;1;1;0;7;5;1;0;55;0
6952;177;0;0;0;0;9;1;0;0;0;6;8;0;1;16;0
6953;190;0;0;0;0;5;0;1;0;1;3;8;2;1;17;0
6954;190;0;0;0;0;5;0;1;0;1;3;6;2;0;33;0
6955;333;0;0;0;0;8;0;1;1;0;3;9;2;1;39;0
6956;333;0;0;0;0;7;0;1;1;0;5;8;2;0;39;0
6957;325;0;0;0;0;5;1;0;0;1;5;5;1;0;0;0
6958;325;0;0;0;0;5;1;0;0;1;5;5;1;1;0;0
6959;1363;1;1;0;1;2;2;0;0;0;8;3;0;0;1;0
6960;1363;1;1;0;1;3;2;0;0;0;7;4;0;1;1;0
6961;1919;1;1;1;1;1;1;0;0;0;4;4;1;0;34;0
6962;106;0;0;1;0;7;0;1;0;1;4;6;1;0;23;0
6963;17;0;1;1;1;4;1;0;0;0;8;1;1;0;39;0
6964;17;0;1;1;1;6;1;0;0;0;4;3;1;1;39;0
6965;15;1;1;1;1;3;1;1;1;0;7;3;0;0;39;0
6966;15;1;1;1;1;4;1;1;1;0;5;4;1;1;39;0
6967;266;0;0;0;0;5;0;1;0;1;3;3;1;0;39;0
6968;266;0;0;0;0;6;0;1;0;1;2;4;1;1;39;0
6970;16;1;0;0;1;6;1;0;1;0;7;2;2;0;33;0
6971;16;1;0;0;1;6;1;0;1;0;5;4;2;1;33;0
6972;18;1;1;0;1;2;1;1;1;1;8;8;1;0;33;0
6973;18;1;1;0;1;4;1;1;1;1;5;8;2;1;33;0
6974;116;1;1;0;1;1;2;0;0;0;9;7;0;0;54;0
6975;243;0;0;1;0;10;0;1;1;1;4;7;2;1;4;0
6976;2547;0;1;1;0;5;2;0;1;0;4;7;2;0;96;0
6977;3;0;0;0;0;5;1;0;1;1;7;6;1;0;20;0
6978;3;0;0;0;0;6;1;0;1;0;5;7;2;1;33;0
6979;4;0;0;0;0;5;0;1;1;0;5;8;1;0;25;0
6980;4;0;0;1;0;7;0;1;1;0;4;8;1;1;41;0
6981;196;1;1;1;1;4;1;1;1;0;8;5;0;0;21;0
6982;196;1;1;1;1;5;1;1;1;0;7;6;0;1;21;0
6983;173;1;1;1;1;3;2;0;0;0;9;2;0;1;48;0
6984;395;0;0;1;0;8;2;1;1;0;9;8;1;0;53;0
6985;395;0;0;1;0;8;2;1;1;0;9;9;1;1;55;0
6988;105;0;0;1;0;5;1;1;1;1;4;3;1;0;39;0
6989;105;0;0;1;0;6;1;1;1;1;3;4;1;1;39;0
6990;1921;1;1;1;0;5;2;1;1;1;1;5;1;0;32;0
6991;1974;1;1;1;1;5;2;0;1;0;7;5;0;1;50;0
6992;1;0;0;0;0;7;0;1;0;0;5;10;1;0;39;0
6993;1;0;0;0;0;8;0;1;0;0;4;10;2;1;23;0
6994;389;0;0;0;1;6;1;1;1;1;1;2;2;0;32;0
6995;389;0;0;0;1;7;1;1;1;1;1;4;2;1;32;0
6996;244;0;0;1;0;10;1;0;0;1;6;4;0;0;55;0
6997;244;0;0;1;0;10;0;0;0;1;4;6;1;1;55;0
6998;2;0;0;1;0;10;0;1;1;1;8;9;1;0;34;0
6999;2;0;0;1;0;10;0;1;1;0;6;10;2;1;34;0
7000;29;1;1;0;0;5;1;1;1;0;4;4;1;0;39;0
7001;242;1;1;1;1;4;2;0;0;0;8;2;0;0;105;0
7002;29;1;1;0;0;4;1;1;1;0;5;4;0;1;39;0
7003;242;1;1;1;1;5;2;0;0;0;7;3;1;1;105;0
7004;1589;0;0;0;0;5;1;0;0;1;5;5;1;0;0;0
7005;4077;0;0;0;0;5;1;0;0;1;5;5;1;0;0;0
7006;258;0;0;1;1;7;1;1;1;0;3;8;0;0;55;0
7007;258;0;0;1;1;8;1;1;1;0;2;9;0;1;55;0
7008;47;1;0;1;0;6;1;1;1;0;5;5;1;0;57;0
7009;1973;0;1;0;0;5;0;1;0;0;3;6;1;1;32;0
7010;1973;0;0;1;0;4;0;1;1;0;4;5;1;0;32;0
7011;1600;1;1;1;1;4;1;1;0;1;4;6;0;0;33;0
7012;1978;0;0;1;0;9;0;1;0;0;6;8;1;0;33;0
7013;4146;0;0;1;0;9;1;0;1;0;7;7;0;0;32;0
7014;4146;0;0;1;0;10;1;0;1;0;6;8;0;1;32;0
7015;10;1;1;0;1;2;1;0;1;0;7;3;1;0;57;0
7016;10;1;1;0;1;3;1;0;1;0;7;5;1;1;57;0
7017;399;1;1;1;1;4;2;0;0;0;8;3;1;0;53;0
7018;399;1;1;1;1;5;2;0;0;0;7;4;1;1;50;0
7019;2610;1;1;1;1;3;0;0;1;0;7;3;1;0;50;0
7020;175;0;0;1;0;8;1;1;1;1;3;7;2;0;16;0
7021;175;0;0;1;0;9;1;1;1;1;2;8;2;1;16;0
7022;100;1;1;1;1;2;2;1;1;0;7;1;0;0;39;0
7023;2615;0;1;1;0;6;0;1;0;1;8;2;1;0;32;0
7024;2615;0;1;1;0;7;0;1;0;1;7;3;1;1;32;0
7025;101;1;1;1;1;4;1;1;1;0;6;3;1;1;36;0
7026;398;0;0;1;0;7;1;0;1;1;7;7;1;0;51;0
7027;398;0;0;1;0;8;1;0;1;1;6;8;1;1;51;0
7030;174;1;1;1;1;2;2;1;1;0;4;6;1;0;105;0
7031;174;0;1;0;0;3;0;1;0;0;3;7;2;1;57;0
7032;1197;1;1;1;1;5;2;1;1;1;6;7;1;0;33;0
7033;1197;0;1;0;0;6;2;1;0;1;5;8;2;1;33;0
7034;4147;1;1;1;1;6;1;0;1;0;4;5;1;1;1;0
7035;4147;1;1;1;1;5;1;0;1;0;5;4;1;0;1;0
7036;117;1;1;1;1;3;2;0;0;0;6;6;1;0;48;0
7037;117;1;1;1;1;4;2;0;0;0;5;7;1;1;48;0
7038;250;0;0;0;0;3;0;1;0;1;1;3;1;0;23;0
7039;250;0;0;0;0;4;0;1;0;1;1;5;1;1;39;0
7040;118;1;1;0;1;2;2;0;1;1;8;5;1;0;48;0
7041;118;1;1;0;1;4;1;0;1;1;7;6;2;1;48;0
7042;1248;1;1;0;1;3;2;0;0;0;9;1;1;0;53;0
7043;1248;1;1;0;1;4;2;0;0;0;8;4;1;1;53;0
7044;1255;1;1;0;1;2;2;0;0;0;6;5;0;1;54;0
7056;245;1;0;1;1;6;1;1;1;1;5;8;1;0;23;0
7057;245;1;0;1;1;7;1;1;1;1;4;9;1;1;23;0
7058;116;1;1;0;1;2;2;0;0;0;8;8;1;1;54;0
7059;1976;0;0;1;0;7;0;1;1;1;2;7;1;0;33;0
7060;1976;0;1;1;0;8;0;0;1;0;1;8;2;1;33;0
7061;1981;0;0;0;0;5;1;0;0;1;5;5;1;0;0;0
7062;1981;0;0;0;0;5;1;0;0;1;5;5;1;1;0;0
7063;2387;0;0;1;0;8;1;1;1;1;4;8;0;0;33;0
7064;2387;0;0;0;0;9;1;1;1;0;3;9;2;1;32;0
7065;216;0;0;0;1;7;1;1;0;1;4;7;2;1;0;0
7066;216;0;0;0;1;6;1;0;1;1;4;6;1;0;4;0
7067;414;1;1;1;1;7;1;1;0;1;4;6;1;1;17;0
7068;414;1;1;1;1;6;1;1;0;1;5;5;1;0;17;0
7069;209;1;0;0;1;7;1;0;1;0;3;6;0;0;39;0
7070;209;1;0;0;1;8;1;0;1;0;2;7;0;1;39;0
7071;405;0;0;0;0;8;1;1;1;0;6;7;2;0;23;0
7072;405;0;0;0;0;9;1;1;1;0;5;8;2;1;23;0
7073;420;1;1;0;0;6;1;0;0;1;5;5;1;0;7;0
7074;420;1;1;0;0;7;1;0;0;1;4;6;2;1;98;0
7081;1328;0;0;1;0;6;0;1;0;1;2;9;2;0;17;0
7082;1328;0;0;1;0;7;0;1;0;1;1;10;2;1;17;0
7083;416;1;1;1;0;6;0;1;1;1;3;7;2;0;17;0
7084;416;1;1;1;0;7;0;1;1;1;2;8;2;1;17;0
7085;195;1;1;1;1;4;0;1;0;1;3;5;1;1;49;0
7086;195;1;1;1;1;3;0;1;0;1;4;4;1;0;49;0
7087;1249;1;1;0;0;3;1;1;0;0;4;3;1;0;0;0
7088;1249;1;1;0;1;4;1;1;0;0;3;4;1;1;0;0
7089;1246;0;0;1;0;6;1;0;1;1;7;5;2;0;0;0
7090;1246;0;0;1;0;6;1;0;1;1;7;5;2;1;32;0
7091;1921;1;1;1;0;6;2;1;1;1;1;6;1;1;32;0
7094;370;1;1;0;1;6;2;0;0;0;6;10;0;1;1;0
7095;370;1;1;0;1;5;2;0;0;0;7;9;0;0;1;0
7096;1254;0;0;0;0;9;1;1;1;0;5;7;1;0;1;0
7097;1254;0;0;0;0;10;1;1;1;0;4;8;1;1;1;0
7098;5;1;1;0;1;2;2;1;1;0;9;4;0;0;57;0
7099;5;1;1;0;1;4;2;1;1;0;8;4;1;1;57;0
7100;52;1;1;0;1;4;2;0;1;0;6;6;1;0;33;0
7101;208;0;0;0;1;8;1;1;0;1;2;4;1;0;16;0
7102;106;0;0;1;0;8;0;1;0;1;3;7;1;1;23;0
7103;252;0;0;1;1;7;1;0;1;0;5;8;1;0;55;0
7104;252;0;0;1;1;8;1;0;1;0;4;9;1;1;39;0
7107;42;0;0;1;0;7;0;1;1;0;10;6;2;0;39;0
7108;42;0;0;1;0;7;0;1;1;0;5;6;2;1;39;0
7109;43;0;1;0;0;3;1;1;1;0;5;6;1;0;20;0
7110;43;0;1;0;0;5;1;1;1;0;3;6;2;1;20;0
7111;2388;0;1;1;0;6;1;1;1;1;1;4;2;0;32;0
7112;2388;0;1;0;1;7;0;1;1;0;1;5;2;1;32;0
7113;4145;0;0;1;0;8;1;1;1;1;4;7;1;1;39;0
7114;4145;0;0;1;0;7;1;1;1;1;5;6;1;0;39;0
7115;137;1;0;1;0;10;1;1;1;0;3;10;1;0;9;0
7116;137;1;0;1;0;10;1;1;1;0;2;10;1;1;9;0
7117;1170;1;1;0;1;4;1;1;1;1;7;4;1;1;39;0
7118;1170;1;1;0;1;2;1;1;1;1;9;4;1;0;39;0
7119;24;1;1;0;1;2;1;1;1;0;6;8;0;1;25;0
7120;24;1;1;0;1;3;1;1;1;0;5;8;1;0;25;0
7121;124;1;0;0;0;5;1;1;1;1;4;7;0;0;50;0
7122;323;1;0;0;0;4;1;0;1;0;3;5;2;0;17;0
7123;4108;0;0;0;0;8;1;1;1;1;3;5;2;0;39;0
7124;4108;0;0;0;0;9;1;1;1;1;2;6;2;1;39;0
7125;336;0;0;0;0;6;1;1;1;0;6;9;2;0;103;0
7129;1932;1;1;1;1;4;1;0;0;0;8;6;1;0;52;0
7130;1932;1;1;1;1;5;1;0;0;0;7;7;1;1;52;0
7131;4071;0;1;0;0;4;0;1;1;1;5;4;2;0;55;0
7132;4071;0;1;0;0;5;0;1;1;1;4;5;2;1;55;0
7133;255;0;0;0;0;8;1;1;1;0;7;7;2;0;20;0
7134;255;0;0;0;0;9;1;1;1;0;5;8;2;1;20;0
7137;192;1;1;0;1;5;2;0;1;0;9;5;0;0;49;0
7138;192;0;0;1;1;6;1;0;1;0;8;6;1;1;49;0
7139;193;1;1;1;1;3;2;0;0;0;7;6;0;0;54;0
7140;193;1;1;0;1;4;2;0;1;0;6;7;1;1;54;0
7141;1944;1;1;1;1;4;0;1;1;0;4;5;1;0;32;0
7142;1944;1;1;0;0;5;0;1;1;0;3;6;2;1;32;0
7145;1979;1;1;0;1;4;1;1;1;1;4;3;1;0;103;0
7146;1818;1;1;1;1;4;1;0;0;1;5;4;1;0;33;0
7147;1818;1;1;1;1;5;1;0;0;1;4;5;1;1;33;0
7148;55;0;0;1;1;7;2;1;0;0;7;2;0;0;25;0
7149;55;0;0;1;1;7;1;1;0;0;5;3;1;1;25;0
7154;204;1;1;0;1;3;2;1;1;0;6;3;0;0;48;0
7155;8;1;1;0;1;1;2;0;1;0;7;5;0;0;53;0
7156;8;1;1;0;1;3;2;0;1;1;7;7;0;1;53;0
7159;1927;0;0;0;0;7;1;1;0;0;5;6;1;0;2;0
7160;1927;0;0;0;0;8;1;1;0;0;4;7;1;1;18;0
7164;39;1;1;0;1;3;2;0;1;1;9;8;0;0;39;0
7165;39;1;1;0;1;4;2;0;1;1;7;8;1;1;39;0
7166;133;1;1;0;1;5;1;1;1;1;5;6;1;1;23;0
7167;51;0;0;1;0;8;1;0;1;0;7;3;1;0;39;0
7168;51;0;0;1;0;8;1;0;1;0;4;3;2;1;39;0
7169;44;0;0;0;0;7;1;0;1;0;5;6;0;0;39;0
7170;44;0;0;0;0;7;1;0;1;0;4;6;1;1;39;0
7171;49;0;0;1;1;8;2;1;1;0;9;7;0;0;52;0
7172;49;0;0;1;1;8;2;1;1;0;7;7;1;1;52;0
7173;4193;0;0;1;0;8;1;1;1;1;3;9;2;1;23;0
7174;1550;1;1;1;1;3;1;1;1;0;6;10;2;0;23;0
7175;1550;1;1;1;1;4;1;1;1;0;4;10;2;1;23;0
7176;264;0;0;0;0;5;1;0;0;1;5;5;1;0;0;0
7177;264;0;0;0;0;5;1;0;0;1;5;5;1;1;0;0
7178;219;0;0;0;0;8;0;1;1;1;5;7;1;0;36;0
7179;219;0;0;0;0;9;0;1;1;1;4;8;1;1;36;0
7180;19;0;1;0;0;4;1;1;1;0;5;10;0;0;23;0
7181;19;0;1;0;0;5;1;1;1;0;4;10;1;1;23;0
7182;1113;0;0;0;0;6;0;1;0;1;7;2;2;0;39;0
7183;1113;0;0;0;0;6;0;1;0;1;4;2;2;1;39;0
7184;53;1;1;0;0;3;1;0;0;0;7;5;0;0;18;0
7185;52;1;1;0;1;4;1;0;1;0;5;7;1;1;33;0
7190;310;1;1;0;1;6;2;0;0;0;5;5;1;1;33;0
7191;310;1;1;0;1;5;2;0;0;0;6;4;1;0;33;0
7192;46;0;1;1;0;5;1;1;0;0;8;5;2;0;39;0
7193;46;0;1;1;0;6;0;1;0;0;5;6;2;1;39;0
7194;289;0;0;0;0;5;1;0;0;1;5;5;1;0;0;0
7195;289;0;0;0;0;5;1;0;0;1;5;5;1;1;0;0
7196;295;1;1;1;1;1;2;0;0;0;5;7;1;0;33;0
7197;295;1;1;1;1;2;2;0;0;0;4;8;1;1;33;0
7198;4168;0;1;0;1;4;2;1;1;1;3;5;2;0;103;0
7199;4168;0;1;0;1;5;2;1;1;1;2;6;2;1;103;0
7200;1493;1;1;1;1;7;2;0;0;0;9;4;1;1;55;0
7201;1493;1;1;0;1;6;2;0;0;0;10;3;0;0;55;0
7202;1015;0;1;0;1;5;2;1;1;0;5;8;0;0;23;0
7203;1015;0;1;0;1;5;1;1;1;0;3;8;2;1;23;0
7204;1184;1;1;0;0;6;1;0;0;1;4;4;2;1;33;0
7205;1184;1;1;0;0;5;1;0;0;1;5;3;1;0;33;0
7206;1031;0;0;0;0;6;0;1;0;1;3;9;2;0;36;0
7207;1031;0;0;0;0;6;0;1;0;1;2;9;2;1;36;0
7208;1022;0;0;0;0;7;0;1;0;1;5;5;2;1;36;0
7209;1022;0;0;0;0;7;1;1;0;1;8;5;1;0;36;0
7212;53;1;1;0;0;4;1;0;0;0;6;6;1;1;18;0
7213;37;0;0;1;0;7;0;0;1;0;3;8;1;0;17;0
7214;37;0;0;1;0;7;0;0;1;0;2;8;2;1;17;0
7217;48;0;0;1;0;7;1;0;0;0;6;1;1;0;39;0
7218;48;0;0;1;0;7;1;0;0;0;4;1;2;1;39;0
7221;198;1;0;0;1;4;0;1;0;1;5;6;1;0;32;0
7222;198;1;0;0;1;6;0;1;0;1;4;8;1;1;32;0
7223;26;0;0;1;0;6;1;1;0;1;3;7;2;0;33;0
7224;26;0;0;1;0;5;1;1;0;1;4;7;1;1;33;0
7225;23;0;0;0;0;7;1;1;1;0;4;9;2;0;39;0
7226;23;0;0;0;0;6;1;1;1;0;5;9;1;1;39;0
7227;1128;0;0;1;0;6;0;0;0;1;1;6;2;0;98;0
7228;1128;0;0;1;0;7;0;0;0;1;1;6;2;1;98;0
7229;1129;0;1;0;0;5;1;0;1;1;4;5;1;0;55;0
7230;1129;0;1;0;0;6;1;0;1;1;3;5;2;1;55;0
7231;1217;1;1;1;1;5;1;0;0;1;8;9;1;0;49;0
7232;1217;1;1;1;1;6;1;0;0;1;7;10;1;1;49;0
7233;1218;1;1;1;1;6;2;0;1;1;7;7;1;0;55;0
7234;1218;1;1;1;1;7;2;0;1;1;6;8;1;1;55;0
7237;114;1;1;1;1;1;2;0;1;0;10;1;0;0;52;0
7238;114;1;1;1;1;2;2;0;1;0;8;2;0;1;52;0
7239;20;0;1;1;0;4;0;1;1;0;6;9;1;0;41;0
7240;20;0;1;1;0;5;0;1;1;0;4;9;2;1;41;0
7241;41;1;0;1;1;5;2;1;0;1;6;5;0;0;25;0
7242;41;1;0;1;1;6;1;1;0;1;3;5;2;1;25;0
7243;115;1;1;1;0;4;1;1;0;0;7;7;2;0;39;0
7244;115;1;1;1;0;5;1;1;0;0;6;8;2;1;39;0
7245;387;0;0;0;0;7;0;0;0;1;7;7;2;0;23;0
7246;387;0;0;0;0;8;0;0;0;1;6;8;2;1;23;0
7249;215;0;0;0;0;8;1;0;0;0;5;7;1;0;7;0
7250;1058;0;0;1;0;6;1;1;1;0;5;9;1;0;50;0
7251;1058;0;0;1;0;6;1;1;1;0;4;9;1;1;50;0
7252;1040;0;0;1;0;8;1;0;0;0;4;7;2;0;33;0
7253;1040;0;0;1;0;8;1;0;0;0;3;7;2;1;33;0
7254;36;1;1;0;0;5;1;1;0;0;7;8;1;0;17;0
7255;36;1;1;0;0;6;1;1;0;0;5;8;1;1;17;0
7256;203;0;0;0;0;5;1;0;0;1;5;5;1;1;0;0
7257;203;0;0;0;0;5;1;0;0;1;5;5;1;0;0;0
7258;379;0;0;1;0;9;2;0;0;0;10;10;1;0;23;0
7259;379;1;0;1;0;10;1;0;0;0;7;10;2;1;23;0
7260;4180;1;1;1;1;3;2;0;1;1;4;2;0;0;0;0
7261;4180;1;1;1;1;4;2;0;1;1;3;4;0;1;0;0
7262;208;0;0;0;1;9;1;1;0;1;1;5;1;1;16;0
7263;4193;0;0;1;0;6;1;1;1;1;4;6;2;0;39;0
7264;33;0;1;1;1;4;1;0;1;0;4;9;2;0;17;0
7265;33;0;1;1;1;5;1;0;1;0;3;9;2;1;17;0
7266;1083;0;0;1;0;9;0;0;1;1;2;10;2;0;33;0
7267;1083;0;0;1;0;9;0;0;1;1;2;9;2;1;33;0
7268;1051;0;0;1;1;7;1;0;0;0;7;9;2;0;49;0
7269;1051;0;0;1;1;7;1;0;0;0;5;9;2;1;49;0
7270;38;0;1;0;1;4;2;0;1;0;4;9;1;0;41;0
7271;38;0;1;0;1;5;1;0;1;0;3;9;1;1;41;0
7272;12;1;1;1;1;2;2;0;1;0;9;4;1;0;97;0
7273;139;0;1;1;0;5;2;1;1;0;2;8;2;0;0;0
7274;139;0;1;1;0;4;2;1;1;0;2;9;2;1;0;0
7275;123;0;0;1;0;9;0;1;0;1;1;7;2;0;23;0
7276;123;0;0;1;0;9;0;1;0;1;1;8;2;1;23;0
7284;1528;1;0;0;1;8;1;1;1;1;1;4;2;0;39;0
7285;1528;1;0;0;1;9;1;1;1;1;1;5;2;1;39;0
7286;182;1;1;1;0;7;2;1;0;1;6;9;0;0;17;0
7287;182;1;1;1;0;8;2;1;0;1;4;10;0;1;17;0
7288;187;0;0;0;0;4;0;1;1;1;2;4;2;0;39;0
7289;187;0;0;0;0;5;0;1;1;1;1;7;2;1;34;0
7291;1329;0;0;0;0;8;0;0;1;1;3;6;1;0;39;0
7292;1329;0;0;0;0;9;0;0;1;1;2;7;1;1;39;0
7295;2523;1;1;1;1;3;2;0;0;1;5;7;2;0;0;0
7296;268;1;1;1;1;5;2;1;1;1;7;3;1;1;20;0
7297;45;1;1;0;1;1;2;0;1;0;9;2;0;0;20;0
7298;122;1;1;1;1;3;2;0;1;1;5;6;1;0;55;0
7299;1245;1;1;1;0;6;2;0;0;0;10;7;0;0;4;0
7300;274;1;1;1;0;5;1;0;0;0;6;7;1;0;52;0
7301;1252;1;0;0;0;8;1;0;0;0;7;10;1;0;96;0
7302;1250;1;1;0;1;1;2;0;0;1;7;3;1;0;6;0
7303;1936;0;0;1;0;4;1;1;1;1;4;5;2;0;0;0
7304;1930;1;1;1;0;9;0;0;1;0;9;4;1;0;49;0
7305;1933;0;0;1;0;7;0;1;1;1;1;9;2;0;32;0
7306;2453;0;1;0;0;3;1;1;1;1;3;5;1;0;36;0
7307;1937;0;0;1;0;7;1;1;0;1;5;7;1;0;17;0
7308;1931;0;0;1;0;6;0;1;1;1;4;6;2;0;0;0
7309;136;0;0;1;0;5;0;1;1;1;6;5;2;0;4;0
7310;30;1;1;1;0;4;1;1;0;1;5;3;2;0;25;0
7311;30;1;1;1;0;3;1;1;0;1;6;3;1;1;25;0
7312;1240;1;1;1;1;2;1;1;0;0;4;5;1;0;6;0
7313;1929;1;1;1;1;4;1;0;0;0;5;2;1;0;9;0
7314;1241;1;1;0;0;5;1;0;0;0;5;5;0;0;0;0
7317;1237;1;1;1;1;5;1;0;0;0;7;1;1;0;55;0
7318;138;1;1;1;1;4;2;0;0;0;8;7;1;0;53;0
7319;1242;1;1;1;0;6;1;1;0;1;5;7;2;0;7;0
7320;1243;1;1;0;0;3;1;1;1;1;4;3;1;0;32;0
7322;1244;1;1;0;1;4;1;1;1;0;3;1;1;0;32;0
7323;2722;1;1;1;0;5;2;1;1;0;3;4;1;0;5;0
7324;50;1;1;1;1;4;1;1;1;0;5;6;1;0;0;0
7325;1929;1;1;1;1;5;1;0;0;0;4;3;1;1;9;0
7326;2393;0;0;1;0;7;1;0;1;0;4;10;1;0;39;0
7328;2187;1;1;1;1;6;2;0;0;0;7;3;1;0;23;0
7329;111;0;0;0;0;5;1;0;0;1;5;5;1;0;0;0
7330;363;0;1;0;0;5;0;1;1;0;4;7;1;0;17;0
7331;108;1;1;1;1;1;2;0;1;0;10;1;0;0;54;0
7332;110;1;1;1;1;5;1;1;1;1;7;5;1;0;16;0
7333;366;0;0;1;0;5;1;1;0;1;3;4;1;0;17;0
7334;263;0;1;0;0;3;1;1;0;0;4;7;1;0;20;0
7335;361;1;1;1;0;6;1;1;0;1;7;3;1;0;39;0
7336;1595;0;0;0;0;7;1;0;1;1;5;7;0;0;33;0
7337;2393;0;0;1;0;8;1;0;1;0;3;10;1;1;39;0
7339;2187;1;1;1;1;7;2;0;0;0;6;4;1;1;23;0
7340;111;0;0;0;0;5;1;0;0;1;5;5;1;1;0;0
7341;1241;1;1;0;0;6;1;0;0;0;4;6;0;1;0;0
7342;363;0;1;0;0;6;0;1;1;0;3;8;1;1;17;0
7343;108;1;1;1;1;2;2;0;1;0;9;2;0;1;54;0
7344;110;1;1;1;1;4;1;1;1;1;6;5;1;1;16;0
7345;366;0;0;1;0;6;1;1;0;1;2;5;1;1;17;0
7346;263;0;1;0;0;3;1;1;0;0;3;8;1;1;20;0
7348;361;1;1;1;0;7;1;1;0;1;6;4;1;1;39;0
7349;1595;0;0;0;0;8;1;0;1;1;4;8;0;1;33;0
7351;1237;1;1;1;1;6;1;0;0;0;6;2;1;1;48;0
7352;138;1;1;1;1;5;2;0;0;0;7;8;1;1;48;0
7353;1242;1;1;1;0;7;1;1;0;1;4;8;2;1;1;0
7354;2523;1;1;0;1;3;2;1;0;0;6;8;2;1;0;0
7355;1243;1;1;0;1;4;1;1;1;1;3;4;1;1;32;0
7356;268;1;1;1;1;4;2;1;1;1;8;2;1;0;20;0
7359;1244;1;1;0;1;5;1;1;1;0;2;2;1;1;32;0
7360;364;1;1;0;0;3;1;0;1;0;10;5;0;0;37;0
7361;364;1;1;0;0;4;1;1;1;0;9;6;0;1;37;0
7362;368;0;0;0;0;5;1;0;0;1;5;5;1;0;0;0
7363;368;0;0;0;0;5;1;0;0;1;5;5;1;1;0;0
7364;259;0;1;0;0;5;1;0;0;0;3;6;1;0;17;0
7365;259;0;1;0;0;5;1;0;0;0;3;7;1;1;17;0
7366;260;1;1;1;1;9;1;0;0;1;7;5;1;1;32;0
7367;218;0;1;1;0;6;1;1;0;0;3;6;2;0;17;0
7368;267;1;1;1;1;5;2;1;0;1;5;4;2;0;21;0
7369;260;1;1;1;1;8;1;0;0;1;8;4;1;0;32;0
7370;218;0;0;1;0;7;1;1;0;0;2;7;2;1;17;0
7371;31;1;1;0;1;3;2;0;1;0;8;6;0;0;39;0
7372;1765;0;0;0;0;7;0;1;0;0;8;5;2;0;23;0
7373;1765;0;0;0;0;8;0;1;0;0;7;6;2;1;23;0
7374;362;0;0;0;0;9;1;0;1;0;8;10;0;0;23;0
7375;362;0;0;0;0;10;1;0;1;0;7;10;0;1;23;0
7378;31;1;1;0;1;4;2;0;1;0;6;6;1;1;39;0
7379;213;1;1;1;0;5;2;0;1;0;8;5;0;0;49;0
7380;213;1;1;1;0;6;2;0;1;0;6;6;0;1;49;0
7381;2191;1;1;1;1;5;2;0;0;0;3;3;1;1;0;0
7382;2191;1;1;1;1;4;2;0;0;0;4;2;1;0;0;0
7383;2546;1;1;0;1;4;2;0;1;0;5;9;0;1;6;0
7384;2546;1;1;0;1;3;2;0;1;0;6;8;0;0;6;0
7385;2209;0;1;0;0;2;2;1;0;1;2;4;0;1;0;0
7386;2209;0;1;0;0;1;2;1;0;1;3;3;0;0;0;0
7387;2551;0;0;0;0;4;2;1;1;1;3;6;0;0;17;0
7388;2551;0;0;0;0;5;2;1;1;1;2;7;0;1;16;0
7389;2722;1;1;1;0;6;2;1;1;0;2;5;1;1;37;0
7390;1240;1;1;1;1;3;1;1;0;0;3;6;1;1;38;0
7391;50;1;1;1;1;4;1;1;1;0;5;6;1;1;0;0
7392;1910;0;0;0;0;8;0;1;0;1;6;7;1;0;37;0
7393;1910;0;0;0;0;9;0;1;0;1;5;8;1;1;37;0
7398;273;1;1;1;1;4;1;0;1;0;7;8;0;0;39;0
7399;273;1;1;1;1;5;1;0;1;0;6;9;0;1;55;0
7403;9;1;1;0;1;1;2;0;1;0;8;6;0;0;55;0
7404;9;1;1;0;1;2;2;0;1;0;8;7;1;1;55;0
7405;4234;0;0;0;0;5;2;0;0;1;6;3;1;0;39;0
7406;4234;0;0;0;0;6;2;0;0;1;4;5;1;1;39;0
7407;186;1;0;0;0;4;1;1;0;0;8;7;1;0;49;0
7408;186;1;0;0;0;5;1;1;0;0;7;8;1;1;49;0
7409;4323;0;0;1;0;8;0;1;1;0;4;5;1;0;39;0
7410;4323;0;0;1;0;9;0;1;1;0;3;6;2;1;39;0
7411;265;1;1;0;1;5;2;0;0;0;2;6;0;0;49;0
7412;265;1;1;0;1;6;2;0;0;0;1;7;0;1;49;0
7413;109;1;1;0;1;3;2;0;1;0;8;3;0;0;20;0
7414;109;1;1;0;1;4;2;0;1;0;7;4;0;1;20;0
7415;357;0;1;0;0;6;2;1;1;1;7;5;1;0;33;0
7416;357;0;1;0;0;7;2;1;1;1;6;6;1;1;33;0
7417;7;1;1;0;1;1;2;0;1;0;10;8;1;0;54;0
7418;7;1;1;0;1;1;2;0;1;1;9;7;1;1;54;0
7423;194;1;1;1;1;4;1;1;1;1;8;3;2;0;54;0
7424;194;1;1;1;1;5;1;1;1;1;7;4;2;1;54;0
7425;1589;0;0;0;0;5;1;0;0;1;5;5;1;1;0;0
7426;261;0;1;1;0;4;1;1;1;1;4;4;1;0;23;0
7427;261;0;1;1;0;5;1;1;1;1;3;5;1;1;23;0
7428;4302;0;0;0;0;7;0;0;0;1;6;4;1;0;17;0
7429;4302;0;0;0;0;8;0;0;0;1;5;5;1;1;17;0
7430;4272;0;0;0;0;6;0;0;0;1;5;8;1;0;39;0
7431;4272;0;0;0;0;7;0;0;0;1;4;9;1;1;39;0
7432;1067;0;1;1;0;4;0;0;0;0;4;7;1;0;41;0
7433;35;1;1;1;1;5;1;0;1;0;5;9;1;0;52;0
7434;35;1;1;1;1;5;1;0;1;0;4;9;1;1;52;0
7435;1804;1;1;0;1;6;2;0;1;0;7;3;0;1;50;0
7436;1804;1;1;0;1;5;2;0;0;0;8;2;0;0;50;0
7437;6;1;1;0;1;2;2;0;1;0;6;4;1;0;55;0
7438;6;0;1;0;1;4;1;0;1;0;5;6;1;1;55;0
7439;127;1;1;1;1;4;2;0;1;0;9;3;0;0;52;0
7440;127;1;1;1;1;5;2;0;1;0;8;4;0;1;52;0
7441;184;0;0;0;1;6;0;1;1;0;5;5;2;0;37;0
7442;184;0;0;0;0;7;0;1;1;0;4;6;2;1;39;0
7443;128;1;1;1;1;3;1;1;0;0;6;7;0;0;48;0
7444;128;1;1;1;1;4;1;1;0;0;5;8;0;1;48;0
7445;14;1;1;1;1;1;2;0;1;1;6;6;1;0;53;0
7446;14;1;1;1;1;2;2;0;1;1;5;6;1;1;53;0
7447;11;1;1;0;1;5;2;0;1;0;6;9;1;1;20;0
7448;11;1;1;0;1;3;2;0;1;0;7;9;0;0;20;0
7449;21;0;1;0;1;5;1;0;1;0;6;10;1;0;36;0
7450;21;0;1;0;1;4;2;0;1;0;7;10;1;1;36;0
7455;47;1;0;1;0;6;1;1;1;0;5;6;1;1;57;0
7461;2547;0;1;1;0;5;2;0;1;0;4;7;2;1;96;0
7462;2192;0;0;1;0;8;1;1;1;1;2;6;2;0;32;0
7463;2192;0;0;1;0;9;1;1;1;1;1;7;2;1;0;0
7464;121;1;1;0;0;3;1;0;0;0;9;6;1;0;52;0
7465;121;1;1;0;0;6;1;0;0;0;7;7;1;1;52;0
7468;388;1;1;1;1;2;1;1;0;0;3;4;2;0;20;0
7469;388;1;1;1;1;3;1;1;0;0;2;5;2;1;20;0
7470;1044;0;0;0;0;6;0;1;1;0;2;6;1;0;39;0
7471;1044;0;0;0;0;7;0;1;1;0;2;6;2;1;39;0
7474;2553;1;1;1;0;2;1;1;1;1;5;5;2;0;16;0
7475;2553;1;1;1;0;3;1;1;1;1;4;6;2;1;0;0
7476;1067;0;1;1;0;5;0;0;0;0;3;7;1;1;41;0
7477;125;1;1;0;1;8;2;0;1;1;7;3;0;0;55;0
7478;1256;1;0;1;0;5;1;1;0;1;7;6;1;0;0;0
7479;1256;1;0;1;0;6;1;1;0;1;6;7;1;1;0;0
7480;240;0;0;0;0;6;1;0;0;1;7;5;0;0;48;0
7481;125;1;1;0;1;8;2;0;1;1;6;5;1;1;39;0
7482;240;0;0;0;0;7;1;0;0;1;5;7;1;1;48;0
7483;2208;1;0;1;1;5;1;0;1;1;6;6;2;0;0;0
7484;2208;1;0;1;1;6;1;0;1;1;5;7;2;1;0;0
7485;2545;0;0;0;0;9;1;1;1;0;6;5;0;0;1;0
7486;2545;0;0;0;0;10;1;1;1;0;5;6;0;1;1;0
7487;2699;0;1;0;0;4;2;1;0;1;4;4;2;0;0;0
7488;2699;0;1;0;0;4;2;1;0;1;4;4;2;1;0;0
7489;2541;0;0;1;0;10;1;1;1;0;4;1;1;0;0;0
7490;2541;0;0;1;0;10;1;1;1;0;3;2;2;1;0;0
7491;2543;0;0;1;0;5;0;1;1;1;1;3;2;0;32;0
7492;2543;0;0;1;0;6;0;1;1;1;1;4;2;1;16;0
7497;234;1;1;0;1;3;2;0;0;0;9;8;1;0;55;0
7498;234;1;1;0;1;4;2;0;0;0;9;8;1;1;55;0
7501;320;0;0;0;0;7;0;1;0;1;4;6;2;0;39;0
7502;320;0;0;0;0;8;0;1;0;1;3;7;2;1;39;0
7503;119;1;1;0;0;4;2;0;0;0;8;6;1;0;41;0
7504;119;1;1;0;0;5;1;0;0;0;6;7;1;1;41;0
7505;328;1;1;0;1;1;1;1;0;1;5;6;1;0;50;0
7506;328;1;1;0;1;2;1;1;0;1;5;7;1;1;34;0
7507;217;0;1;1;1;7;1;0;0;1;4;7;2;1;0;0
7508;217;1;1;1;1;4;1;0;1;1;7;5;1;0;96;0
7511;215;0;0;0;0;8;1;0;0;0;4;8;1;1;7;0
7512;1330;0;0;0;1;8;1;1;1;1;4;5;1;0;17;0
7513;1330;0;0;0;1;9;1;1;1;1;3;6;1;1;17;0
7514;4123;0;0;1;0;7;0;1;0;1;1;6;2;0;55;0
7515;4123;0;0;1;0;8;0;1;0;1;1;7;2;1;55;0
7516;180;1;1;0;1;7;0;0;1;0;2;2;1;0;37;0
7517;180;1;1;0;1;8;0;0;1;0;1;3;1;1;37;0
7518;415;1;0;1;1;8;1;1;1;0;3;3;1;0;32;0
7519;415;1;0;1;1;9;1;1;1;0;2;4;1;1;37;0
7520;221;0;0;1;0;4;1;1;1;1;3;5;1;0;33;0
7521;221;0;0;1;0;5;1;1;1;1;2;6;1;1;33;0
7522;378;0;0;1;0;9;1;1;0;0;7;9;2;0;23;0
7523;378;0;0;1;0;10;1;1;0;0;6;10;2;1;23;0
7524;4240;0;0;0;0;5;1;0;0;1;5;5;1;0;0;0
7525;4240;0;0;0;0;5;1;0;0;1;5;5;1;1;0;0
7526;4230;1;1;0;1;6;0;0;1;0;4;6;1;0;39;0
7527;4230;1;0;0;0;5;0;1;1;1;3;6;2;1;16;0
7528;1979;1;1;0;1;5;0;1;0;0;3;4;2;1;103;0
7534;418;0;0;1;0;6;1;1;0;1;5;8;1;0;48;0
7535;418;0;0;1;0;7;1;1;0;1;4;9;1;1;48;0
7536;211;1;0;1;1;7;2;1;1;0;5;7;1;0;105;0
7537;211;0;1;0;1;8;1;1;0;0;4;8;1;1;101;0
7540;1239;0;0;0;0;6;1;0;1;0;5;5;2;0;7;0
7541;1239;0;0;0;0;7;1;0;1;0;4;6;2;1;39;0
7542;1924;0;0;1;0;7;0;1;1;1;3;5;2;0;1;0
7543;1924;0;0;1;0;8;0;1;1;1;2;6;2;1;1;0
7544;2548;1;0;0;1;7;0;1;0;0;10;8;0;0;0;0
7545;2548;1;0;0;1;8;0;1;0;0;10;10;0;1;33;0
7548;2542;0;0;0;0;6;0;0;0;0;8;9;1;0;0;0
7549;2542;0;0;0;0;7;0;0;0;0;7;10;1;1;0;0
7550;2360;1;1;0;1;4;1;0;1;0;9;6;0;0;0;0
7551;2360;1;1;0;1;5;1;0;1;0;8;7;0;1;0;0
7552;2657;0;0;0;0;4;1;1;0;0;7;10;0;0;4;0
7553;2657;0;0;0;0;5;1;1;0;0;6;10;0;1;4;0
7554;2650;0;1;1;0;4;1;1;1;0;4;6;2;0;100;0
7555;2650;0;1;1;0;5;1;1;1;0;3;7;2;1;100;0
7556;113;1;1;0;1;4;2;0;1;0;7;5;1;0;0;0
7557;113;0;0;0;1;5;1;1;0;0;4;7;1;1;0;0
7558;2193;1;1;1;1;5;2;0;0;0;8;6;1;0;48;0
7559;2193;1;1;1;1;6;2;0;0;0;7;7;1;1;48;0
7560;181;1;1;0;1;5;1;1;1;0;6;5;2;0;57;0
7561;181;1;1;0;1;6;1;1;1;0;5;6;2;1;57;0
7562;407;1;1;0;1;5;0;1;0;0;4;4;2;0;20;0
7563;407;1;1;0;1;6;0;1;0;0;3;5;2;1;20;0
7564;403;0;1;0;0;5;1;0;1;1;4;6;1;0;7;0
7565;403;0;1;1;0;6;1;1;1;1;3;7;2;1;0;0
7568;413;0;1;1;0;6;1;0;1;1;4;7;1;0;5;0
7569;413;0;1;0;0;7;1;1;0;1;3;9;2;1;5;0
7572;204;1;1;0;1;4;2;1;1;0;5;4;0;1;48;0
7573;205;0;0;0;1;7;0;1;0;0;2;5;2;1;16;0
7574;112;1;1;1;1;5;2;0;0;1;8;4;1;0;33;0
7575;112;1;1;1;1;6;2;0;0;1;7;5;1;1;33;0
7576;1238;1;1;0;0;4;1;1;0;0;5;7;1;0;23;0
7577;1238;1;1;0;0;5;1;1;0;0;4;8;1;1;16;0
7592;1935;0;0;1;0;10;2;1;1;0;3;8;1;0;33;0
7593;1935;0;0;1;0;10;2;1;1;0;2;9;1;1;33;0
7596;2465;1;1;1;0;8;1;1;0;0;4;3;1;0;1;0
7597;2465;1;1;1;0;9;1;1;0;0;3;4;1;1;1;0
7599;2654;0;0;1;0;9;2;1;0;0;6;3;1;0;17;0
7600;2654;0;0;1;0;10;2;1;0;0;5;4;1;1;17;0
7608;172;0;1;1;0;4;2;0;0;0;3;6;1;1;39;0
7609;172;0;1;1;0;3;2;0;0;0;4;5;1;0;39;0
7616;2651;1;1;1;1;7;1;1;0;1;1;1;1;0;41;0
7617;2651;1;1;1;1;8;1;1;0;1;1;2;1;1;41;0
7623;54;0;0;0;1;6;2;0;1;0;8;4;1;0;17;0
7624;54;0;0;0;1;6;1;0;1;0;5;5;2;1;17;0
7625;57;1;1;0;1;4;2;0;1;0;8;6;0;0;36;0
7626;57;1;1;0;1;5;1;0;1;0;5;6;1;1;36;0
7627;1012;0;0;0;0;8;0;0;1;0;2;4;2;0;33;0
7628;1012;0;0;0;0;8;0;0;1;0;1;4;2;1;33;0
7629;1011;0;0;0;0;7;0;0;1;1;4;1;1;0;39;0
7630;1011;0;0;0;0;8;0;0;1;1;2;1;2;1;39;0
7631;1010;0;0;1;0;7;0;1;0;0;6;2;0;0;16;0
7632;1010;0;0;1;0;7;0;1;0;0;4;2;2;1;16;0
7633;1141;0;1;0;0;4;0;1;1;1;7;7;2;0;39;0
7634;1141;0;1;0;0;5;0;1;1;1;5;7;2;1;39;0
7649;107;0;0;1;0;8;0;1;0;1;5;3;2;0;39;0
7650;107;0;0;1;0;9;0;1;0;1;4;4;2;1;39;0
7651;1909;1;1;1;1;3;1;1;1;1;2;5;0;0;37;0
7652;1909;1;1;1;1;4;1;1;1;1;1;6;0;1;32;0
7653;1207;1;1;1;1;4;2;0;1;0;3;5;1;0;49;0
7654;1207;1;1;1;1;5;2;0;1;0;2;6;1;1;49;0
7657;1706;1;1;1;1;4;2;1;0;0;6;2;1;0;32;0
7658;1706;1;1;1;1;5;2;1;0;0;5;4;1;1;32;0
7659;13;0;0;0;0;7;1;1;1;0;5;9;1;0;36;0
7660;13;0;0;0;0;7;1;1;1;0;3;9;2;1;36;0
7661;256;0;0;1;0;10;1;1;1;0;2;4;2;1;23;0
7664;34;1;0;1;0;6;1;0;1;0;4;8;2;0;25;0
7665;34;1;0;1;0;6;1;0;1;0;3;8;2;1;25;0
7666;1013;0;1;0;1;4;2;1;0;0;5;10;1;0;36;0
7667;1013;0;1;0;1;4;1;1;0;0;3;10;2;1;36;0
7670;22;0;0;1;0;8;0;1;1;0;3;7;2;0;23;0
7671;22;0;0;1;0;7;0;1;1;0;4;7;1;1;23;0
7672;27;0;0;1;0;7;0;1;1;1;3;7;2;0;33;0
7673;27;0;0;1;0;7;0;1;1;1;6;7;2;1;33;0
7674;1032;1;0;1;0;6;0;1;0;1;6;5;2;0;33;0
7675;1032;1;0;1;0;7;0;1;0;1;4;5;2;1;33;0
7676;56;1;1;1;0;4;1;0;0;0;7;5;1;0;17;0
7677;56;1;1;1;0;6;0;0;0;0;4;5;2;1;17;0
7679;1059;1;1;1;0;3;0;0;1;0;3;7;1;0;25;0
7680;1059;1;1;1;0;5;0;0;1;0;2;7;2;1;25;0
7681;32;0;0;0;1;6;2;1;1;0;5;7;0;0;33;0
7682;32;0;0;0;1;6;1;1;1;0;4;7;0;1;33;0
7683;1232;1;1;1;1;3;1;0;1;0;9;6;1;0;53;0
7684;1232;1;1;1;1;4;1;0;1;0;7;7;1;1;53;0
7690;1164;0;0;1;0;5;0;1;1;0;3;10;1;0;20;0
7691;1164;0;0;1;0;6;0;1;1;0;2;10;2;1;20;0
7693;243;0;0;1;0;10;0;1;1;1;8;5;2;0;4;0
7697;28;1;0;1;1;7;1;0;1;0;4;5;2;0;50;0
7698;28;1;0;1;1;5;1;0;1;0;8;5;1;1;50;0
7701;130;1;1;1;1;4;2;0;0;0;7;2;1;0;16;0
7702;130;1;1;1;1;5;2;0;0;0;6;3;1;1;16;0
7707;1551;0;0;1;0;6;0;1;1;1;3;4;2;0;36;0
7708;1551;0;0;1;0;7;0;1;1;1;2;5;2;1;36;0
7713;104;1;1;1;1;4;2;0;0;0;5;6;1;0;48;0
7717;176;1;1;1;1;7;0;1;1;0;6;5;1;0;39;0
7718;131;1;1;1;1;4;2;0;1;0;7;5;1;0;4;0
7719;131;1;1;1;1;5;2;1;1;0;7;4;2;1;36;0
7720;1245;1;1;1;0;7;2;0;0;0;9;8;0;1;4;0
7721;274;1;1;1;0;6;1;0;0;0;5;8;1;1;52;0
7722;1252;1;0;0;0;9;1;0;0;0;6;10;1;1;0;0
7723;1250;1;1;0;1;2;2;0;0;1;6;4;0;1;6;0
7724;1936;0;0;1;0;5;1;1;1;1;3;6;2;1;0;0
7725;1930;1;1;1;0;10;0;0;1;0;8;5;1;1;49;0
7726;1933;0;0;1;0;8;0;1;1;1;1;10;2;1;32;0
7727;1937;0;0;1;0;8;1;1;0;1;4;8;1;1;17;0
7728;1931;0;0;1;0;7;0;1;1;1;3;7;2;1;0;0
7729;136;0;0;1;0;6;0;1;1;1;5;6;2;1;0;0
7730;122;1;1;1;1;6;2;1;1;1;4;6;1;1;39;0
7731;45;1;1;0;1;1;2;0;1;0;7;2;0;1;20;0
7732;40;1;1;0;1;2;2;0;1;0;7;7;0;0;55;0
7733;40;1;1;0;1;3;2;0;1;0;5;7;1;1;55;0
7734;4077;0;0;0;0;5;1;0;0;1;5;5;1;1;0;0
7737;2653;0;0;1;0;8;1;1;0;1;2;5;2;0;33;0
7738;2653;0;0;1;0;8;1;1;0;1;2;5;2;1;33;0
7739;102;1;1;1;1;3;2;0;0;0;6;7;0;1;48;0
7740;406;1;0;1;1;7;0;1;0;1;2;8;2;0;32;0
7741;406;1;0;1;1;8;0;0;0;1;1;9;2;1;32;0
7742;2616;0;0;0;1;5;2;1;0;1;3;7;1;0;23;0
7743;2616;0;0;0;1;6;2;1;0;1;2;8;1;1;23;0
7750;1026;0;1;1;0;5;1;1;1;1;3;7;1;0;36;0
7751;1026;0;1;1;0;7;1;1;1;1;2;7;2;1;36;0
7752;2287;1;1;1;0;5;0;1;1;1;7;10;1;0;16;0
7753;2287;1;1;1;0;6;0;1;1;1;6;10;1;1;16;0
7766;1258;1;1;0;1;4;1;0;0;0;10;7;1;0;52;0
7767;1258;1;1;0;1;5;1;0;0;0;10;8;1;1;52;0
7774;205;0;0;0;1;6;0;1;0;0;3;4;2;0;16;0
7795;235;1;1;1;0;4;1;1;1;0;6;1;1;0;39;0
7796;235;1;1;1;0;5;1;1;1;0;4;3;1;1;39;0
7797;1920;0;0;0;0;3;1;0;0;0;9;9;0;0;18;0
7798;1920;0;0;0;0;4;1;0;0;0;7;9;0;1;49;0
7805;1978;0;0;1;1;10;0;1;0;1;5;9;2;1;33;0
7806;12;1;1;1;1;2;2;0;1;0;9;5;1;1;97;0
7807;104;1;1;1;1;5;2;0;0;0;4;7;1;1;53;0
7808;176;1;1;1;1;8;0;1;1;0;5;6;1;1;39;0
7810;2610;1;1;1;1;4;0;0;1;0;6;4;1;1;50;0
7811;124;1;0;0;0;6;1;1;1;1;3;8;0;1;103;0
7812;188;0;0;0;0;8;1;1;1;0;5;7;1;1;55;0
7813;323;1;0;0;0;5;1;0;1;0;3;6;2;1;21;0
7814;336;0;0;0;0;7;1;1;1;0;5;10;2;1;23;0
7815;1919;1;1;1;1;2;1;0;0;0;2;5;1;1;34;0
7817;1600;1;1;1;1;5;1;1;0;1;3;7;0;1;17;0
7818;207;0;0;0;0;7;1;1;0;0;4;10;1;1;20;0
7819;133;1;1;0;1;4;1;1;1;1;6;4;1;0;23;0
7821;267;1;1;1;1;6;2;1;0;1;4;5;2;1;21;0
7822;2453;0;1;0;0;4;1;1;1;1;2;6;1;1;0;0
7823;100;1;1;1;1;3;2;1;1;0;6;2;0;1;39;0
7827;1196;1;1;1;1;2;2;0;1;0;8;4;0;0;55;0
7828;1196;1;1;1;0;3;1;1;0;1;7;5;2;1;55;0
7831;1200;0;1;0;0;4;1;1;1;1;6;7;2;0;1;0
7832;1200;0;0;0;0;5;1;1;0;0;5;8;2;1;1;0
7833;1219;0;0;0;0;8;1;1;0;1;5;8;1;0;23;0
7834;1219;0;0;0;0;9;1;1;0;1;4;9;1;1;23;0
7837;1222;0;1;1;0;3;1;1;1;1;3;3;2;0;39;0
7838;1222;0;1;1;0;4;1;1;1;1;2;5;2;1;23;0
7841;1958;0;0;0;0;5;1;0;1;0;5;6;2;0;20;0
7842;1958;0;0;0;0;6;1;1;1;0;4;7;1;1;20;0
7843;1985;0;0;1;1;6;0;1;1;1;3;7;1;0;23;0
7844;1985;0;0;1;1;7;0;1;1;1;2;8;1;1;18;0
7845;1987;0;0;1;0;5;1;1;1;1;4;8;1;0;23;0
7846;1987;0;0;1;0;6;1;1;1;1;3;9;1;1;23;0
7847;2009;1;0;0;1;8;0;1;1;0;7;9;1;0;1;0
7848;2009;0;0;0;0;9;1;0;0;0;6;10;1;1;1;0
7849;2010;0;0;0;1;7;1;1;0;0;5;8;1;0;39;0
7850;2010;0;0;0;0;8;1;0;0;0;4;9;2;1;39;0
7853;2013;0;0;0;0;6;1;1;1;1;2;9;1;0;17;0
7854;2013;0;0;0;0;7;1;0;0;0;1;10;2;1;17;0
7889;4973;0;0;1;0;9;0;1;0;1;2;5;1;0;23;0
7890;4973;0;0;1;0;10;0;1;0;1;1;6;1;1;39;0
7933;4995;0;1;1;0;5;2;0;1;0;4;9;2;0;36;0
7934;4995;0;0;1;0;6;2;0;1;0;3;9;2;1;36;0
7971;337;0;0;0;1;5;1;1;0;0;3;7;1;0;33;0
7972;337;0;0;0;1;6;1;1;0;0;2;8;1;1;39;0
7981;134;0;1;1;1;4;1;1;1;0;5;5;2;0;33;0
7982;134;0;1;1;1;5;1;1;1;0;4;6;2;1;33;0
7986;1760;0;0;1;0;6;0;1;1;1;3;3;1;0;39;0
7987;1760;0;0;1;0;7;0;1;1;1;2;4;1;1;23;0
7994;2452;0;0;0;0;6;0;0;1;1;3;8;1;0;32;0
7995;2452;0;0;0;0;7;0;0;1;1;2;9;1;1;32;0
8000;2216;1;1;1;1;3;1;0;0;1;6;4;0;0;6;0
8001;2216;1;1;1;1;4;1;0;0;1;5;5;0;1;6;0
8002;1236;0;0;0;0;8;1;0;0;0;10;10;0;0;7;0
8003;1236;0;0;0;0;9;1;0;0;0;9;10;0;1;7;0
8004;1922;0;0;0;0;7;0;1;0;1;4;7;1;0;39;0
8005;1922;0;0;0;0;8;0;1;0;1;3;8;1;1;39;0
8006;1923;0;0;1;0;5;1;1;1;0;3;8;2;0;96;0
8007;1923;0;0;1;0;5;1;1;1;0;3;8;2;1;96;0
8010;2538;0;0;0;0;3;1;1;1;1;5;7;2;0;7;0
8011;2538;0;0;0;0;4;1;1;1;1;4;8;2;1;7;0
8014;2717;0;1;0;0;4;1;1;1;0;4;8;1;0;0;0
8015;2717;0;0;1;0;5;1;1;1;0;4;8;1;1;0;0
8018;2730;0;0;1;0;7;1;1;1;0;1;8;1;0;0;0
8019;2730;0;0;1;0;8;1;1;1;0;1;9;1;1;0;0
8024;2614;0;0;1;0;6;1;1;0;1;2;7;1;0;37;0
8025;2614;0;0;1;0;7;1;1;1;1;1;8;2;1;37;0
8030;2284;1;1;0;1;5;1;1;1;0;6;3;1;0;20;0
8031;2284;1;1;0;1;6;1;1;1;0;5;4;1;1;20;0
8040;4943;1;1;1;1;2;1;1;1;0;8;2;2;0;33;0
8041;4943;1;1;1;1;3;1;1;1;0;7;3;2;1;33;0
8058;4244;1;1;1;1;9;0;1;0;1;1;1;1;0;18;0
8059;4244;1;1;1;1;8;0;1;0;1;1;4;1;1;18;0
8060;4192;0;0;0;0;8;2;1;1;0;9;9;1;0;55;0
8061;4192;0;0;0;0;9;2;1;1;0;7;10;0;1;55;0
8062;4260;0;0;0;0;6;0;0;0;1;3;8;1;0;39;0
8063;4260;0;0;0;0;7;0;0;0;1;2;9;1;1;39;0
8067;4308;0;0;0;1;8;0;1;1;1;4;5;1;0;39;0
8068;4308;0;0;0;1;9;0;1;1;1;3;6;1;1;39;0
8082;2188;0;1;0;0;3;1;1;0;1;5;6;1;0;33;0
8083;2188;0;1;0;0;3;1;1;0;1;4;6;1;1;33;0
8085;4211;1;0;1;0;6;0;1;1;1;7;6;1;0;41;0
8086;4211;1;0;1;0;7;0;1;1;1;6;7;1;1;41;0
8088;1165;0;0;0;0;6;1;1;1;0;6;5;1;0;20;0
8089;1165;0;0;0;0;7;0;1;1;0;4;5;2;1;20;0
8090;1175;0;0;0;0;8;1;1;1;1;6;3;1;0;39;0
8091;1175;0;0;0;0;8;1;1;1;1;4;5;2;1;39;0
8096;59;0;0;1;0;9;0;1;0;1;3;2;2;0;39;0
8097;59;0;0;1;0;9;0;1;0;1;1;2;2;1;39;0
8102;132;1;1;0;1;2;2;0;0;0;7;3;0;0;52;0
8103;132;1;1;0;1;3;2;0;0;0;6;4;1;1;52;0
8104;135;1;1;0;1;4;1;1;1;1;6;8;1;0;49;0
8105;135;1;1;0;1;5;1;1;1;1;5;9;1;1;49;0
8154;197;1;1;0;1;4;2;0;1;0;8;5;0;0;49;0
8155;197;1;1;0;1;5;2;0;1;0;7;6;0;1;49;0
8166;239;1;0;1;0;5;1;1;1;0;4;7;1;0;39;0
8167;239;1;0;1;0;5;1;1;1;0;3;8;1;1;17;0
8170;254;1;0;0;1;7;0;1;0;1;5;4;1;0;39;0
8171;254;1;0;0;1;8;0;1;0;1;4;5;1;1;39;0
8172;269;1;1;0;1;5;2;0;0;0;9;8;1;0;103;0
8173;269;0;0;0;0;6;0;0;0;1;8;9;2;1;103;0
8174;270;0;0;0;0;7;0;1;0;1;3;7;1;0;23;0
8175;270;0;0;0;0;8;0;1;0;1;2;8;1;1;23;0
8176;271;0;1;0;0;4;1;1;0;1;3;6;1;0;37;0
8177;271;0;1;0;0;5;1;1;0;1;2;7;1;1;37;0
8178;306;1;1;1;1;2;2;1;0;0;8;4;0;0;33;0
8179;306;1;1;1;1;3;2;1;0;0;7;5;0;1;33;0
8180;317;1;0;1;0;6;0;1;1;1;2;2;2;0;39;0
8181;317;1;0;1;0;7;0;1;1;1;1;4;2;1;39;0
8184;342;1;0;1;0;4;1;1;0;0;4;10;2;0;39;0
8185;342;1;0;1;0;5;1;1;0;0;2;10;2;1;39;0
8186;345;0;0;1;0;4;0;0;0;1;4;5;1;0;39;0
8187;345;0;0;1;0;5;0;0;0;1;3;6;1;1;23;0
8192;351;0;0;1;0;9;1;1;0;1;6;9;1;0;17;0
8193;351;0;0;1;0;10;1;1;0;1;5;10;1;1;18;0
8200;355;0;0;1;0;9;0;1;1;1;2;6;2;0;33;0
8201;355;0;0;1;0;9;0;1;1;1;1;7;2;1;33;0
8230;1166;0;0;1;0;10;0;1;0;1;2;9;2;0;39;0
8231;1166;0;0;1;0;10;0;1;0;1;1;9;2;1;39;0
8232;1167;0;0;1;0;8;0;1;0;1;5;10;2;0;17;0
8233;1167;0;0;1;0;8;0;1;0;1;3;10;2;1;17;0
8234;1168;0;0;1;0;6;0;1;0;1;3;8;2;0;23;0
8235;1168;0;0;1;0;7;0;1;0;1;2;8;2;1;23;0
8236;1169;0;0;1;0;9;1;1;1;1;5;3;2;0;17;0
8237;1169;0;0;1;0;9;0;1;1;1;3;3;2;1;17;0
8238;1171;0;0;1;0;6;1;1;1;1;8;2;2;0;33;0
8239;1171;0;0;1;0;7;0;1;1;1;5;2;2;1;33;0
8240;1172;0;0;1;0;8;0;1;0;1;4;5;2;0;23;0
8241;1172;0;0;1;0;9;0;1;0;1;2;5;2;1;23;0
8242;1173;0;0;1;0;5;0;1;0;1;3;3;2;0;39;0
8243;1173;0;0;1;0;8;0;1;0;1;1;3;2;1;39;0
8244;1174;0;0;0;0;5;0;1;1;1;5;7;2;0;17;0
8245;1174;0;0;0;0;7;0;1;1;1;3;7;2;1;17;0
8246;1176;0;0;1;0;7;0;1;0;1;2;9;2;0;20;0
8247;1176;0;0;1;0;9;0;1;0;1;1;9;2;1;20;0
8248;1177;0;0;1;0;9;0;1;0;1;1;1;2;0;34;0
8249;1177;0;0;1;0;10;0;1;0;1;1;1;2;1;34;0
8250;1178;0;0;1;0;7;0;1;0;1;3;7;2;0;39;0
8251;1178;0;0;1;0;8;0;1;0;1;2;7;2;1;39;0
8252;1179;0;0;1;0;8;0;1;1;1;2;8;2;0;17;0
8253;1179;0;0;1;0;8;0;1;1;1;1;7;2;1;17;0
8254;1180;0;0;0;0;5;0;1;0;1;4;5;2;0;39;0
8255;1180;0;0;0;0;6;0;1;0;1;3;5;2;1;39;0
8256;1181;0;0;1;0;9;0;1;0;1;3;1;2;0;39;0
8257;1181;0;0;1;0;10;0;1;0;1;2;1;2;1;39;0
8258;1182;0;0;0;0;8;0;1;1;1;4;8;2;0;20;0
8259;1182;0;0;0;0;9;0;1;1;1;2;7;2;1;20;0
8260;1183;0;0;1;0;10;0;1;0;1;1;3;2;0;39;0
8261;1183;0;0;1;0;10;0;1;0;1;1;4;2;1;39;0
8262;1195;1;1;0;1;3;2;0;1;0;7;6;0;0;48;0
8263;1195;1;1;1;0;4;1;1;0;1;6;7;1;1;48;0
8266;1203;1;1;1;1;5;1;0;0;1;5;5;1;0;23;0
8267;1203;1;1;1;1;6;1;1;0;1;4;6;1;1;23;0
8270;1208;1;1;1;1;6;2;1;1;1;3;2;1;0;16;0
8271;1208;1;1;1;1;7;2;1;1;1;2;3;1;1;16;0
8274;1212;0;0;1;1;5;1;1;0;0;4;6;1;0;97;0
8275;1212;0;0;1;1;6;1;1;0;0;3;5;1;1;97;0
8280;1220;0;1;0;1;5;1;1;1;0;6;7;1;0;52;0
8281;1220;0;1;0;1;6;1;1;1;0;4;7;1;1;55;0
8290;1230;0;0;0;1;7;0;1;0;1;4;6;1;0;23;0
8291;1230;0;0;0;1;8;0;1;0;1;3;7;1;1;23;0
8292;1251;1;1;1;0;3;1;1;0;0;2;5;1;0;36;0
8293;1251;1;1;1;0;4;1;1;0;0;1;6;1;1;32;0
8294;1257;0;1;1;0;4;2;0;1;0;5;5;1;0;23;0
8295;1257;0;1;1;0;5;2;0;1;0;4;6;1;1;23;0
8330;1588;0;0;0;1;3;1;1;0;0;5;9;0;0;55;0
8331;1588;0;0;0;1;4;1;1;0;0;4;10;1;1;55;0
8358;1753;0;1;1;0;6;1;1;0;0;5;8;1;0;37;0
8359;1753;0;1;1;0;7;1;1;0;0;4;9;1;1;39;0
8382;1809;0;0;0;0;8;1;1;0;0;3;8;2;0;33;0
8383;1809;0;0;0;0;9;1;1;0;0;2;9;2;1;33;0
8388;1832;1;1;1;1;5;1;1;1;0;4;4;1;0;16;0
8389;1832;1;1;1;1;6;1;1;1;0;3;5;1;1;16;0
8408;1941;1;1;1;1;7;0;1;0;0;4;6;1;0;41;0
8409;1941;1;1;1;1;8;0;1;0;0;3;7;1;1;41;0
8414;1945;1;1;1;1;3;2;1;1;1;4;5;1;0;39;0
8415;1945;1;1;1;1;4;2;1;1;1;3;6;1;1;39;0
8418;1950;1;0;1;1;9;2;0;1;0;7;8;1;0;52;0
8419;1950;1;0;1;1;10;2;0;1;0;6;9;1;1;52;0
8420;1955;1;0;1;0;5;1;1;1;1;4;2;2;0;39;0
8421;1955;1;0;1;0;6;1;1;1;1;3;3;2;1;32;0
8422;1956;0;0;1;1;5;1;0;1;1;2;2;1;0;39;0
8423;1956;0;0;1;1;6;1;0;1;1;1;3;1;1;39;0
8424;1957;1;1;1;0;2;1;1;1;0;7;4;2;0;39;0
8425;1957;1;1;1;0;3;1;1;1;0;5;5;1;1;0;0
8438;1986;0;0;1;1;9;1;1;0;0;4;5;1;0;39;0
8439;1986;0;0;1;1;10;1;1;0;0;3;6;1;1;39;0
8440;1989;0;0;1;1;5;0;0;1;1;5;7;1;0;33;0
8441;1989;0;0;1;1;6;0;0;1;1;4;8;1;1;33;0
8446;1995;1;1;1;1;5;2;1;0;0;4;5;1;0;52;0
8447;1995;1;1;1;1;6;2;1;0;0;3;6;1;1;52;0
8448;1996;1;0;1;1;5;0;1;0;1;5;4;2;0;7;0
8449;1996;1;0;1;1;6;0;1;0;1;4;5;2;1;7;0
8458;2019;1;1;1;0;4;1;1;1;1;5;5;1;0;0;0
8459;2019;1;1;1;0;5;1;1;0;1;4;6;2;1;0;0
8472;2066;0;0;0;0;5;0;0;0;0;1;9;2;0;23;0
8473;2066;0;0;0;0;6;0;0;0;1;1;10;2;1;23;0
8474;2067;0;0;0;0;7;2;0;0;1;3;10;1;0;33;0
8475;2067;0;0;0;0;8;2;0;0;1;2;10;1;1;33;0
8476;2068;0;0;0;0;5;1;0;0;1;5;5;1;0;0;0
8477;2068;0;0;0;0;5;1;0;0;1;5;5;1;1;0;0
8478;2069;0;1;0;1;7;2;0;0;0;5;8;1;0;103;0
8479;2069;0;1;0;1;8;2;0;0;0;4;9;1;1;103;0
8480;2070;0;1;1;0;6;1;1;0;1;5;7;1;0;21;0
8481;2070;0;1;1;0;7;1;1;0;1;4;8;1;1;21;0
8482;2071;0;0;1;0;9;1;0;0;1;2;7;2;0;7;0
8483;2071;0;0;0;0;10;1;0;0;1;1;8;2;1;7;0
8514;2194;0;0;1;0;7;0;1;1;1;1;6;0;0;33;0
8515;2194;0;0;1;0;8;0;1;1;1;1;7;0;1;33;0
8516;2195;0;0;1;0;9;0;1;1;1;6;3;0;0;17;0
8517;2195;0;0;1;0;10;0;1;1;1;5;4;0;1;17;0
8532;2210;1;1;1;1;10;1;1;1;1;3;6;1;0;33;0
8533;2210;1;1;1;1;10;1;1;1;1;2;7;1;1;33;0
8536;2215;0;0;0;0;9;1;1;0;1;6;8;0;0;0;0
8537;2215;0;0;0;0;10;1;1;0;1;5;9;0;1;0;0
8542;2229;0;0;0;1;8;2;0;1;1;7;7;1;0;23;0
8543;2229;0;0;0;1;9;2;0;1;1;6;8;1;1;23;0
8554;2285;1;1;1;0;3;1;1;0;1;8;5;1;0;102;0
8555;2285;1;1;1;0;4;1;1;0;1;7;6;1;1;102;0
8568;2361;1;1;1;1;1;0;1;1;0;5;5;1;0;102;0
8569;2361;1;1;1;1;2;0;1;1;0;4;6;1;1;102;0
8574;2365;0;0;0;0;4;1;1;0;1;5;7;1;0;48;0
8575;2365;0;0;0;0;5;1;1;0;1;4;8;1;1;16;0
8580;2369;1;1;0;0;7;1;0;1;0;5;4;1;0;33;0
8581;2369;0;1;0;1;8;1;0;0;1;4;5;2;1;33;0
8592;2382;0;0;0;0;5;1;0;0;1;5;5;1;0;0;0
8593;2382;0;0;0;0;5;1;0;0;1;5;5;1;1;0;0
8600;2391;0;0;1;0;9;1;1;0;0;6;3;1;0;32;0
8601;2391;0;1;0;0;10;0;1;1;1;5;4;1;1;32;0
8676;2450;0;1;0;0;8;2;0;0;0;8;7;1;0;49;0
8677;2450;0;1;0;0;9;2;0;0;0;7;8;1;1;49;0
8678;2451;0;0;0;1;9;1;1;1;0;7;6;1;0;0;0
8679;2451;0;0;0;1;10;1;1;1;0;6;5;1;1;0;0
8680;2454;0;0;0;0;7;1;0;1;1;9;7;0;0;0;0
8681;2454;0;0;0;0;8;1;0;1;1;8;8;0;1;0;0
8690;2459;0;1;0;1;4;1;0;0;0;7;5;0;0;0;0
8691;2459;0;1;0;1;4;1;0;0;0;7;5;0;1;0;0
8698;2464;1;1;1;0;7;1;1;0;0;2;3;2;0;96;0
8699;2464;1;1;1;0;8;1;1;0;0;1;4;2;1;96;0
8704;2468;0;1;1;1;4;1;0;0;0;5;5;1;0;0;0
8705;2468;0;1;1;1;5;1;0;0;0;5;5;1;1;0;0
8709;2506;1;1;1;1;7;1;1;1;1;1;1;2;0;0;0
8710;2506;1;1;1;1;8;1;1;1;1;1;2;2;1;0;0
8713;2517;0;0;0;0;5;1;0;0;1;5;5;1;0;0;0
8714;2517;0;0;0;0;5;1;0;0;1;5;5;1;1;0;0
8723;2544;0;0;0;1;9;1;1;1;1;3;10;1;0;1;0
8724;2544;0;0;0;1;10;1;1;1;1;2;10;1;1;1;0
8751;2618;1;1;1;1;4;1;0;0;1;5;5;1;0;22;0
8752;2618;1;1;1;1;5;1;0;0;1;4;6;1;1;22;0
8755;2622;0;0;1;0;3;0;1;0;1;2;4;2;0;33;0
8756;2622;0;0;1;0;4;0;1;0;1;1;5;2;1;33;0
8759;2625;0;0;0;0;5;0;0;0;1;6;7;1;0;32;0
8760;2625;0;0;0;0;6;0;0;0;1;5;8;1;1;32;0
8763;2643;0;1;0;1;3;2;1;0;0;8;5;1;0;52;0
8764;2643;1;1;0;1;4;2;0;1;0;7;6;1;1;52;0
8775;2652;1;1;1;0;3;0;1;1;1;2;3;1;0;38;0
8776;2652;1;1;1;0;4;0;1;1;1;1;4;1;1;38;0
8777;2655;1;1;1;0;5;1;1;1;1;5;6;0;0;20;0
8778;2655;1;1;1;0;6;1;1;1;1;4;7;0;1;20;0
8806;2676;0;0;1;0;10;0;0;1;0;4;2;1;0;33;0
8807;2676;0;0;1;0;10;0;0;1;0;3;3;1;1;33;0
8824;2707;1;0;0;1;9;0;0;1;0;5;4;2;0;7;0
8825;2707;1;0;0;1;10;0;0;1;0;4;5;2;1;7;0
8826;2708;0;0;0;0;4;0;0;0;0;8;8;0;0;48;0
8827;2708;0;0;0;0;5;0;0;0;0;7;9;0;1;7;0
8844;2719;0;0;1;0;7;1;1;1;0;6;4;1;0;16;0
8845;2719;0;0;1;0;8;1;1;1;0;5;5;1;1;16;0
8858;2729;0;0;1;0;8;1;0;1;0;6;5;2;0;1;0
8859;2729;0;0;1;0;9;1;0;1;0;5;6;2;1;1;0
8882;4086;0;0;0;0;8;1;1;1;0;5;8;1;0;96;0
8883;4086;1;1;0;1;9;1;0;1;0;4;9;1;1;96;0
8892;4092;0;0;0;0;4;1;1;1;0;7;5;1;0;33;0
8893;4092;0;0;0;0;5;1;1;1;0;6;6;1;1;33;0
8896;4094;1;1;1;1;6;1;1;0;0;4;5;1;0;34;0
8897;4094;1;1;1;1;7;1;1;0;0;3;6;1;1;34;0
8898;4095;0;1;1;0;3;0;1;1;1;5;3;1;0;33;0
8899;4095;0;1;1;0;5;1;0;1;1;6;6;2;1;33;0
8926;4110;0;0;1;0;8;1;1;0;0;4;7;1;0;0;0
8927;4110;0;0;1;0;9;1;1;0;0;3;8;1;1;16;0
8928;4111;0;0;1;0;9;1;1;0;0;5;10;1;0;0;0
8929;4111;0;0;1;0;10;1;1;0;0;4;10;1;1;0;0
8984;4143;0;0;0;0;5;1;0;0;1;5;5;1;0;0;0
8985;4143;0;0;0;0;5;1;0;0;1;5;5;1;1;0;0
9032;4175;1;0;1;0;5;2;1;1;1;7;3;1;0;39;0
9033;4175;0;1;0;0;6;1;0;0;1;6;4;2;1;39;0
9042;4183;0;0;0;0;5;1;1;0;0;3;7;1;0;37;0
9043;4183;0;0;0;1;7;1;1;0;1;2;9;1;1;33;0
9058;4194;0;0;0;0;8;1;0;1;1;7;8;1;0;33;0
9059;4194;0;0;0;0;9;1;0;1;1;6;9;1;1;33;0
9070;4200;0;0;1;0;5;0;1;0;1;4;7;2;0;39;0
9071;4200;0;0;1;0;6;0;1;0;1;3;8;2;1;39;0
9080;4206;0;0;0;0;8;1;1;1;1;2;7;1;0;16;0
9081;4206;0;0;0;0;9;1;1;1;1;1;8;1;1;23;0
9086;4213;1;0;1;0;9;1;1;0;0;5;7;0;0;23;0
9087;4213;0;0;1;0;10;1;1;0;0;4;8;0;1;23;0
9098;4220;0;1;0;1;2;2;1;1;1;3;7;1;0;33;0
9099;4220;0;1;0;1;4;1;1;1;1;2;8;2;1;33;0
9108;4225;0;0;0;0;1;1;0;0;0;1;1;1;0;0;0
9109;4225;0;0;0;0;1;1;0;0;0;1;1;1;1;0;0
9116;4229;1;1;0;1;4;0;0;1;0;5;5;1;0;52;0
9117;4229;1;1;0;1;5;0;0;1;0;3;6;1;1;55;0
9120;4232;0;0;0;1;8;2;1;1;1;2;4;0;0;55;0
9121;4232;0;0;0;1;9;2;1;1;1;1;6;1;1;48;0
9128;4237;1;1;1;1;1;1;0;0;0;4;4;1;0;21;0
9129;4237;1;1;1;1;2;1;0;0;0;1;5;1;1;37;0
9134;4241;0;0;1;0;10;0;1;0;0;5;5;2;0;55;0
9135;4241;0;0;1;0;10;0;1;0;0;4;7;2;1;34;0
9160;4255;0;1;0;1;4;0;1;0;1;6;4;2;0;32;0
9161;4255;0;1;0;1;5;0;1;0;1;5;5;2;1;32;0
9184;4269;0;0;1;0;7;1;1;0;1;8;10;1;0;36;0
9185;4269;0;0;1;0;8;1;1;0;1;7;10;1;1;36;0
9252;4309;0;1;0;1;4;0;1;0;1;6;4;2;0;36;0
9253;4309;0;1;0;1;5;0;1;0;1;5;5;2;1;36;0
9346;4363;0;0;1;0;5;0;1;0;1;2;7;1;0;33;0
9347;4363;0;0;1;0;6;0;1;0;1;1;8;1;1;17;0
9360;4370;0;1;0;1;8;1;1;0;0;5;6;0;0;33;0
9361;4370;0;1;0;1;9;1;1;0;0;4;7;0;1;33;0
9364;4372;0;0;0;0;10;0;1;0;1;6;4;2;0;23;0
9365;4372;0;0;0;0;10;0;1;0;1;4;6;2;1;23;0
9410;4395;0;0;0;0;1;1;0;0;0;1;1;1;0;0;0
9411;4395;0;0;0;0;1;1;0;0;0;1;1;1;1;0;0
9434;4914;1;1;0;1;5;2;1;0;0;4;5;1;0;48;0
9435;4914;1;1;0;1;5;1;1;0;0;5;5;1;1;32;0
9436;4915;0;0;0;0;3;2;0;0;0;9;8;1;0;55;0
9437;4915;0;0;0;0;4;1;0;0;0;8;8;2;1;39;0
9452;4923;0;0;0;0;3;0;1;0;1;2;4;2;0;39;0
9453;4923;0;0;0;0;4;0;1;0;1;1;6;2;1;39;0
9460;4928;0;0;0;0;8;1;1;0;1;8;6;0;0;49;0
9461;4928;0;0;0;0;8;0;1;0;1;7;7;1;1;50;0
9478;4937;0;1;0;1;3;2;0;1;0;2;9;0;0;20;0
9479;4937;0;0;0;1;4;2;0;1;0;1;10;0;1;4;0
9480;4938;0;0;0;0;5;1;0;0;1;5;5;1;0;0;0
9481;4938;0;0;0;0;5;1;0;0;1;5;5;1;1;0;0
9486;4941;1;0;1;1;7;2;1;1;0;2;4;1;0;33;0
9487;4941;1;1;1;1;8;2;1;1;0;1;5;1;1;33;0
9518;4962;1;0;0;0;7;1;1;0;1;4;6;1;0;20;0
9519;4962;0;0;1;0;8;1;1;0;1;3;7;1;1;16;0
9522;4964;1;1;1;1;5;1;1;1;1;5;5;1;0;37;0
9523;4964;1;1;1;1;6;1;1;1;1;4;6;1;1;37;0
9524;4965;0;0;1;0;7;0;1;0;1;3;5;2;0;23;0
9525;4965;0;0;1;0;10;0;1;0;1;2;8;2;1;7;0
9546;5046;1;1;1;1;4;2;1;0;0;7;5;1;0;0;0
9547;5046;1;1;1;1;5;2;1;0;0;6;6;1;1;0;0
9552;5047;0;1;1;0;3;0;1;0;0;5;8;1;0;0;0
9553;5129;1;1;1;1;5;1;0;1;1;5;5;1;0;0;0
9560;5189;0;0;0;0;6;1;0;1;1;4;8;1;0;17;0
9561;5189;0;0;0;0;7;0;0;1;1;5;9;2;1;17;0
9562;199;0;0;1;0;10;0;1;1;1;1;5;1;0;0;0
9563;199;0;0;1;0;9;0;1;1;1;1;7;1;1;0;0
9564;140;0;0;1;0;10;0;1;1;1;1;5;1;0;0;0
9565;140;0;0;1;0;9;0;1;1;1;1;7;1;1;0;0
9566;200;0;1;0;0;5;1;1;0;1;7;8;2;0;0;0
9567;2469;0;0;1;0;10;0;1;1;1;1;5;1;0;0;0
9568;2469;0;0;1;0;9;0;1;1;1;1;7;1;1;0;0
9569;2696;0;0;1;0;10;0;1;1;1;1;5;1;0;0;0
9570;2696;0;0;1;0;9;0;1;1;1;1;7;1;1;0;0
9571;200;0;1;0;0;4;0;1;0;1;8;8;2;1;0;0
9572;1386;0;1;0;1;5;0;0;1;0;5;5;1;0;0;0
9573;1386;0;1;0;0;3;0;1;1;0;5;7;1;1;0;0
9592;2293;1;0;0;1;3;0;1;0;1;2;2;0;0;0;0
9593;2293;0;0;1;1;3;1;0;0;1;5;1;1;1;0;0
9600;2297;0;0;0;0;6;1;1;1;1;4;5;2;0;0;0
9601;2297;0;0;0;0;6;0;1;1;1;5;6;2;1;0;0
9602;2298;0;0;0;0;9;0;1;0;0;10;8;2;0;0;0
9603;2298;0;0;0;0;10;0;1;0;0;10;10;2;1;0;0
9604;2300;1;1;0;1;5;1;1;0;1;4;7;1;0;0;0
9605;2300;0;1;1;0;7;1;0;1;1;4;6;1;1;0;0
9606;2301;1;1;0;1;8;1;1;0;1;7;7;1;0;0;0
9607;2301;0;0;1;0;4;2;1;1;0;3;5;2;1;0;0
9608;2344;1;1;1;0;8;2;0;1;0;7;6;1;0;0;0
9609;2344;0;0;0;1;6;2;1;0;0;7;6;2;1;0;0
9610;2345;0;1;1;0;7;1;0;0;1;7;7;2;0;0;0
9611;2345;0;1;1;0;7;1;0;0;1;7;7;2;1;0;0
9612;2346;0;1;0;1;4;2;0;0;1;7;5;2;0;0;0
9613;2346;0;1;0;1;4;1;0;0;1;7;6;2;1;0;0
9614;2347;1;0;0;1;3;1;0;0;0;2;2;0;0;0;0
9615;2347;1;1;0;1;3;1;0;1;0;2;2;0;1;0;0
9616;2348;0;0;0;0;4;0;1;1;1;2;8;1;0;0;0
9617;2348;0;0;0;0;1;0;1;1;1;2;10;1;1;0;0
9618;2349;0;1;0;1;8;2;0;0;0;7;7;1;0;0;0
9619;2349;0;0;0;0;4;1;1;0;1;4;6;1;1;0;0
9620;2350;0;0;1;0;4;1;1;0;1;4;5;2;0;0;0
9621;2350;0;0;1;0;3;0;1;0;1;5;5;2;1;0;0
9622;2351;0;0;0;0;6;2;1;0;1;6;6;2;0;0;0
9623;2351;0;0;1;0;4;0;1;1;0;3;4;2;1;0;0
9624;2352;1;0;0;1;4;2;0;0;0;5;6;1;0;0;0
9625;2352;0;1;1;0;6;0;1;1;1;6;6;1;1;0;0
9626;2353;1;1;0;1;5;1;0;0;0;6;5;1;0;0;0
9627;2353;0;1;0;0;4;0;1;0;1;7;7;1;1;0;0
9628;2354;0;1;0;0;6;2;1;0;1;5;6;1;0;0;0
9629;2354;1;0;0;0;5;1;1;0;1;7;5;2;1;0;0
9630;2355;0;1;0;1;6;1;1;0;0;5;4;1;0;0;0
9631;2355;0;1;0;0;5;0;1;0;1;6;7;1;1;0;0
9632;2356;0;1;1;1;6;0;0;1;0;7;4;1;0;0;0
9633;2356;1;1;1;1;5;0;1;1;1;8;8;2;1;0;0
9634;2357;0;1;0;0;6;1;1;0;0;5;5;1;0;0;0
9635;2357;0;1;0;0;6;1;1;0;0;5;5;1;1;0;0
9636;2398;0;1;0;0;6;1;1;0;0;4;7;1;0;0;0
9637;2398;0;1;0;0;4;0;1;0;0;3;6;2;1;0;0
9638;2399;0;0;0;0;4;1;1;0;0;4;7;1;0;0;0
9639;2399;0;0;0;0;3;0;1;0;0;3;7;1;1;0;0
9640;2400;0;1;0;0;6;1;1;1;0;5;6;1;0;0;0
9641;2400;0;0;0;0;4;0;1;1;0;3;6;1;1;0;0
9642;2401;1;1;0;0;5;1;1;0;1;4;4;1;0;0;0
9643;2401;0;1;0;0;3;0;1;0;0;5;2;1;1;0;0
9644;2402;0;1;0;0;6;1;1;0;1;7;6;1;0;0;0
9645;2402;0;0;0;1;8;0;1;1;0;2;8;1;1;0;0
9646;2403;0;1;1;1;10;1;0;1;0;9;9;2;0;0;0
9647;2403;0;0;1;1;10;1;0;0;0;10;10;2;1;0;0
9648;2404;1;1;1;1;4;0;0;0;0;8;7;1;0;0;0
9649;2404;1;1;1;1;4;0;0;0;0;8;7;1;1;0;0
9650;2405;1;1;0;0;6;1;0;1;0;7;6;1;0;0;0
9651;2405;1;1;0;0;5;0;0;0;0;7;6;1;1;0;0
9652;2406;1;1;0;1;4;0;1;1;1;4;8;0;0;0;0
9653;2406;0;1;0;1;8;0;1;1;1;4;8;1;1;0;0
9654;2407;0;1;0;1;6;2;0;0;1;6;4;1;0;0;0
9655;2407;0;1;0;0;4;1;1;0;1;5;6;1;1;0;0
9656;2408;0;1;1;1;6;1;1;0;1;7;7;1;0;0;0
9657;2408;0;1;1;1;6;1;1;0;1;7;7;1;1;0;0
9658;2409;1;1;1;0;4;0;1;1;0;4;6;1;0;0;0
9659;2409;1;1;1;0;4;0;1;1;0;4;6;1;1;0;0
9660;2473;0;0;0;0;6;1;1;1;1;4;6;1;0;0;0
9661;2473;0;0;0;0;6;1;1;1;1;4;6;1;1;0;0
9662;2478;0;1;0;0;5;1;1;0;1;5;4;1;0;0;0
9663;2478;0;1;0;0;4;1;1;0;1;6;6;2;1;0;0
9664;2480;1;1;0;1;5;1;1;0;0;6;6;1;0;0;0
9665;2480;0;1;0;0;3;0;1;0;0;6;8;2;1;0;0
9666;2481;1;1;0;1;6;2;1;0;1;4;5;1;0;0;0
9667;2481;1;1;0;1;6;1;1;0;1;5;6;2;1;0;0
9668;2483;1;1;0;0;4;0;1;0;0;5;5;1;0;0;0
9669;2483;0;0;1;0;3;0;1;0;0;6;7;1;1;0;0
9670;2484;0;1;0;0;6;2;1;1;1;3;7;1;0;0;0
9671;2484;0;1;0;0;5;1;1;1;1;4;6;2;1;0;0
9672;2486;0;0;0;0;4;0;1;0;1;4;7;2;0;0;0
9673;2486;0;1;0;0;3;0;1;0;1;6;7;2;1;0;0
9674;2488;1;1;0;0;7;1;1;0;0;5;4;1;0;0;0
9675;2488;0;1;0;0;4;1;1;0;0;5;6;1;1;0;0
9676;2490;1;1;0;0;5;1;0;0;0;3;5;1;0;0;0
9677;2490;0;0;0;1;4;0;1;1;0;7;8;1;1;0;0
9678;2491;0;0;0;0;7;1;1;1;0;6;6;1;0;0;0
9679;2491;0;0;0;0;7;1;1;1;0;6;6;1;1;0;0
9680;2493;0;1;0;0;6;2;1;1;0;6;5;1;0;0;0
9681;2493;0;1;0;0;5;1;1;0;1;7;7;2;1;0;0
9682;2494;0;0;0;1;4;1;0;0;0;4;3;0;0;0;0
9683;2494;0;0;1;0;3;0;1;0;0;5;6;1;1;0;0
9684;2496;0;1;0;1;4;1;1;0;0;5;5;1;0;0;0
9685;2496;0;1;0;0;5;0;1;0;1;7;7;2;1;0;0
9686;2497;0;1;0;1;4;2;1;0;0;5;6;2;0;0;0
9687;2497;0;1;0;1;4;2;1;0;1;5;6;2;1;0;0
9688;2498;1;1;1;0;7;2;0;0;0;7;6;1;0;0;0
9689;2498;0;1;1;0;8;0;1;0;1;8;6;1;1;0;0
9690;2499;0;1;0;0;6;1;1;0;0;6;6;1;0;0;0
9691;2499;0;1;0;0;4;1;1;0;0;4;5;1;1;0;0
9692;2501;1;0;0;0;4;1;0;0;0;1;2;0;0;0;0
9693;2501;0;1;0;1;4;1;0;0;0;3;3;0;1;0;0
9694;2514;1;0;0;0;5;0;1;0;0;7;6;0;0;0;0
9695;2514;1;0;0;1;7;0;1;1;0;8;6;1;1;0;0
9696;2689;0;1;1;0;5;1;0;0;0;5;5;1;0;0;0
9697;2689;0;1;1;0;4;0;1;0;1;7;7;1;1;0;0
9698;2690;1;1;1;0;7;1;0;0;1;4;6;1;0;0;0
9699;2690;0;1;1;0;5;1;1;0;1;5;6;1;1;0;0
9700;2691;1;0;1;0;7;1;0;0;1;8;8;1;0;0;0
9701;2691;1;1;1;1;4;0;1;0;0;4;7;2;1;0;0
9702;2692;0;0;0;1;6;1;0;0;1;6;7;1;0;0;0
9703;2692;1;1;0;0;3;0;1;1;0;3;5;2;1;0;0
9704;2693;0;0;1;0;5;2;1;1;0;3;6;1;0;0;0
9705;2693;0;0;1;0;6;1;1;1;0;5;8;2;1;0;0
9706;2694;1;1;1;0;6;2;1;0;1;3;2;1;0;0;0
9707;2694;1;1;1;0;4;1;0;0;1;4;3;1;1;0;0
9708;2695;0;0;0;1;8;0;1;1;1;3;4;1;0;0;0
9709;2695;0;0;0;1;9;0;1;1;1;10;5;2;1;0;0
9710;2697;1;1;0;0;4;2;0;1;0;8;5;2;0;0;0
9711;2697;1;1;0;0;4;2;0;1;1;8;5;2;1;0;0
9712;2698;0;1;1;1;7;2;1;0;1;5;5;2;0;0;0
9713;2698;0;1;1;1;7;2;1;0;1;5;5;2;1;0;0
9714;4000;0;0;0;0;5;0;0;0;0;6;6;1;0;0;0
9715;4000;1;1;0;0;6;0;1;0;0;7;7;2;1;0;0
9716;4001;0;0;0;1;5;0;1;0;0;7;6;1;0;0;0
9717;4001;1;1;0;0;8;0;1;0;0;7;6;1;1;0;0
9718;4002;0;1;1;1;5;2;0;0;0;5;5;2;0;0;0
9719;4002;0;0;0;0;6;2;1;1;0;4;6;2;1;0;0
9720;4003;0;0;0;1;6;0;0;1;1;4;4;1;0;0;0
9721;4003;1;1;0;0;7;0;1;1;0;8;6;1;1;0;0
9722;4004;1;1;0;1;8;2;0;1;1;4;5;2;0;0;0
9723;4004;0;0;0;0;7;1;1;0;1;4;7;2;1;0;0
9724;4005;0;1;1;0;10;2;1;0;0;5;5;2;0;0;0
9725;4005;0;0;1;0;6;2;1;1;0;7;6;2;1;0;0
9750;4031;1;1;1;1;5;1;0;1;0;5;5;1;0;0;0
9751;4031;1;1;1;1;5;1;0;1;0;5;5;1;1;0;0
9752;4032;1;0;1;1;3;0;1;1;0;4;4;1;0;0;0
9753;4032;1;0;1;1;3;0;0;1;0;4;4;1;1;0;0
9754;4033;0;1;1;0;4;2;0;1;0;7;7;2;0;0;0
9755;4033;1;1;1;0;7;2;0;1;1;7;7;2;1;0;0
9756;4034;1;1;0;0;6;1;0;1;0;5;6;1;0;0;0
9757;4034;1;1;0;0;6;1;0;1;0;7;4;1;1;0;0
9758;4035;1;1;0;0;8;1;0;0;0;6;7;1;0;0;0
9759;4035;1;1;0;1;7;1;0;1;0;6;7;1;1;0;0
9760;4036;0;1;0;1;6;2;0;0;1;5;5;1;0;0;0
9761;4036;0;0;0;0;6;2;1;0;1;6;7;2;1;0;0
9762;4037;1;0;1;0;5;2;1;0;0;7;6;1;0;0;0
9763;4037;0;1;1;0;4;0;1;0;0;3;6;2;1;0;0
9764;4038;1;1;0;0;6;2;1;1;0;8;6;2;0;0;0
9765;4038;1;1;0;0;7;2;1;1;0;7;6;2;1;0;0
9768;4040;1;1;1;0;5;1;1;1;0;7;6;1;0;0;0
9769;4040;1;1;0;0;7;1;1;1;0;4;8;2;1;0;0
9770;4041;1;1;0;0;4;1;0;1;0;6;6;1;0;0;0
9771;4041;1;1;1;0;4;0;0;0;1;5;5;1;1;0;0
9772;4042;1;1;0;1;6;1;0;1;1;5;8;1;0;0;0
9773;4042;0;1;0;1;5;1;0;1;1;5;8;1;1;0;0
9774;4043;1;1;0;1;8;2;0;1;1;6;8;1;0;0;0
9775;4043;1;1;0;1;8;2;0;1;1;6;8;2;1;0;0
9776;4044;0;0;0;0;6;1;1;1;1;5;7;2;0;0;0
9777;4044;0;0;0;0;6;1;1;1;1;5;7;2;1;0;0
9778;4045;0;1;0;0;5;2;1;0;1;5;5;1;0;0;0
9779;4045;0;1;0;0;5;1;1;0;1;6;7;2;1;0;0
9780;4046;0;1;1;0;6;2;1;1;1;5;6;1;0;0;0
9781;4046;0;1;1;0;7;1;1;1;1;7;8;1;1;0;0
9784;4971;1;1;1;1;3;2;0;1;1;7;8;2;0;0;0
9785;4971;1;0;0;1;4;1;0;1;0;5;7;1;1;0;0
9786;2703;1;1;0;0;4;2;1;0;0;4;6;0;0;0;0
9787;2703;1;1;0;0;3;2;1;0;0;3;7;2;1;0;0
9788;2704;0;1;1;1;6;2;0;0;1;7;5;0;0;0;0
9789;2704;0;1;1;1;5;2;0;0;1;5;7;2;1;0;0
9790;5129;1;0;0;1;6;0;0;1;0;4;7;1;1;0;0
9791;5047;0;1;1;0;4;0;1;0;0;4;9;1;1;0;0
9795;5168;0;0;0;0;8;0;1;0;0;7;10;2;0;23;0
9796;5168;0;0;0;0;9;0;1;0;0;6;10;2;1;23;0
9799;5170;1;1;0;1;6;1;0;0;1;7;3;1;0;39;0
9800;5170;1;1;0;1;7;1;0;0;1;6;4;1;1;39;0
9801;5171;0;0;0;0;8;1;1;1;0;6;8;1;0;33;0
9802;5171;0;0;0;0;9;1;1;1;0;5;9;1;1;33;0
9803;5173;0;0;1;0;8;1;1;1;1;6;7;1;0;39;0
9804;5173;0;0;1;0;9;1;1;1;1;5;8;1;1;39;0
9805;5174;0;0;0;0;5;1;0;0;1;5;5;1;0;0;0
9806;5174;0;0;0;0;5;1;0;0;1;5;5;1;1;0;0
9807;5175;1;0;0;1;7;1;1;1;0;7;5;0;0;23;0
9808;5175;1;0;0;0;8;1;1;1;0;6;6;0;1;23;0
9809;5190;0;0;1;1;5;0;1;1;1;4;7;2;0;32;0
9810;5190;0;0;0;0;5;1;1;0;1;3;8;1;1;32;0
9811;5191;0;0;1;1;7;2;0;1;0;7;9;1;0;32;0
9812;5191;0;0;0;0;8;1;1;0;1;6;10;1;1;32;0
9813;5192;0;0;1;1;5;0;1;0;1;2;7;2;0;39;0
9814;5192;0;0;0;0;6;1;1;0;1;1;8;2;1;39;0
9815;5193;1;0;1;0;7;0;1;1;1;5;5;1;0;33;0
9816;5193;0;0;0;0;8;1;1;0;1;4;6;1;1;33;0
9817;5194;1;1;1;1;4;0;1;0;1;3;4;2;0;32;0
9818;5194;0;0;0;0;5;1;1;0;1;2;5;1;1;32;0
9819;5195;0;0;1;1;5;0;1;0;1;3;8;2;0;32;0
9820;5195;0;0;0;0;6;1;1;0;1;2;9;1;1;32;0
9821;5196;0;0;1;1;7;0;1;0;1;4;7;2;0;53;0
9822;5196;0;0;1;1;8;0;1;0;1;3;8;2;1;53;0
9823;5197;0;1;0;0;5;0;1;0;1;3;9;1;0;17;0
9824;5197;0;1;0;0;6;0;1;0;1;2;10;1;1;17;0
9829;5200;0;0;0;0;9;0;1;0;0;2;9;1;0;16;0
9830;5200;0;0;0;0;10;0;1;0;0;1;10;1;1;16;0
9831;5201;0;0;0;1;7;0;1;0;0;1;9;2;0;23;0
9832;5201;0;0;0;1;8;0;1;0;0;1;10;2;1;23;0
9833;5202;0;0;0;0;6;0;0;1;1;5;9;1;0;25;0
9834;5202;0;0;0;0;7;0;0;1;1;4;10;1;1;25;0
9835;5203;0;0;0;1;7;0;1;1;1;5;6;1;0;39;0
9836;5203;0;0;0;1;8;0;1;1;1;4;7;1;1;39;0
9837;5204;1;1;1;0;4;0;1;1;1;6;6;2;0;32;0
9838;5204;1;1;1;0;5;0;1;0;1;5;7;2;1;32;0
9841;5206;1;1;1;1;6;0;1;1;0;7;3;1;0;25;0
9842;5206;1;1;1;1;6;0;1;0;0;6;4;1;1;25;0
9843;5207;0;1;1;0;3;1;0;0;0;5;9;0;0;25;0
9844;5207;0;1;1;0;4;1;0;0;0;4;10;0;1;25;0
9845;5208;0;1;0;1;3;1;0;0;1;7;3;2;0;53;0
9846;5208;0;1;0;1;4;1;0;0;1;6;4;2;1;53;0
9847;5210;0;0;1;0;9;1;1;1;0;4;5;1;0;33;0
9848;5210;0;0;1;0;10;1;1;1;0;3;6;1;1;33;0
9851;5223;0;0;0;0;5;1;0;0;1;5;5;1;0;0;0
9852;5223;0;0;0;0;5;1;0;0;1;5;5;1;1;0;0
9853;5224;0;1;1;0;7;0;1;0;1;4;3;2;0;39;0
9854;5224;0;1;1;0;8;0;1;0;1;3;4;2;1;39;0
9855;5225;0;0;0;0;5;1;0;0;1;5;5;1;0;0;0
9856;5225;0;0;0;0;5;1;0;0;1;5;5;1;1;0;0
9857;5226;0;0;1;0;7;1;1;1;0;5;9;2;0;32;0
9858;5226;0;0;1;0;8;1;1;1;0;4;10;2;1;32;0
9859;5312;0;0;1;0;10;0;1;1;1;2;6;2;0;34;0
9860;5312;0;0;1;0;10;0;1;1;1;1;7;2;1;34;0
9867;5389;0;0;1;0;6;1;1;1;1;4;6;1;0;0;0
9868;5389;0;0;1;0;6;1;1;1;1;3;6;1;1;0;0
9891;5346;0;0;0;0;5;1;0;0;1;5;5;1;0;0;0
9892;5346;0;0;0;0;5;1;0;0;1;5;5;1;1;0;0
9897;5235;1;1;0;1;8;1;0;1;1;6;7;1;0;20;0
9898;5235;1;1;0;1;9;1;0;1;1;4;8;1;1;20;0
9903;5301;0;0;0;0;5;1;0;0;1;5;5;1;0;0;0
9904;5301;0;0;0;0;5;1;0;0;1;5;5;1;1;0;0
9905;5306;0;0;1;0;6;0;1;0;0;1;9;2;0;23;0
9906;5306;0;0;1;0;7;0;1;0;0;1;10;2;1;23;0
9909;5319;0;0;1;0;9;1;0;1;0;6;9;1;0;17;0
9910;5319;0;0;1;0;10;1;0;1;0;5;10;1;1;18;0
9913;5353;1;0;0;1;7;1;1;0;1;6;7;1;0;0;0
9914;5353;1;0;0;1;8;1;1;0;1;5;8;1;1;39;0
9915;5354;0;0;1;0;4;0;1;1;1;1;5;2;0;32;0
9916;5354;0;0;1;0;5;0;1;1;1;1;6;2;1;32;0
9917;5356;0;0;1;0;9;0;1;1;1;8;7;1;0;39;0
9918;5356;0;0;1;0;7;0;1;1;1;6;8;1;1;39;0
9919;5360;0;0;1;0;6;0;1;0;1;3;8;2;0;39;0
9920;5360;0;0;1;0;7;0;1;0;1;2;9;2;1;39;0
9985;5394;1;1;0;1;5;2;0;1;0;4;2;0;0;103;0
9986;5394;1;1;1;1;6;2;0;1;0;3;3;1;1;103;0
9987;5395;1;1;0;0;2;1;0;1;0;8;7;0;0;55;0
9988;5395;0;1;0;0;3;1;0;0;1;7;8;1;1;55;0
9991;5397;0;0;1;0;3;0;1;1;1;2;6;1;0;32;0
9992;5397;1;1;1;1;4;1;0;1;0;1;7;1;1;32;0
9995;5399;1;1;1;1;7;0;1;0;0;4;7;2;0;6;0
9996;5399;0;0;0;0;8;1;1;0;1;3;8;2;1;6;0
9997;5400;0;1;0;1;5;0;1;1;1;1;4;1;0;23;0
9998;5400;0;0;1;0;6;0;1;0;0;1;5;2;1;23;0
9999;5401;1;1;1;1;1;2;0;1;0;8;6;1;0;54;0
10000;5401;1;1;0;1;2;2;0;1;0;7;7;1;1;54;0
10001;5402;1;1;1;0;3;1;1;1;0;6;7;0;0;38;0
10002;5402;1;1;1;1;4;2;0;1;0;5;8;1;1;38;0
10003;5403;1;1;1;1;7;2;1;1;1;5;1;1;0;36;0
10004;5403;0;1;0;0;8;1;1;0;1;4;2;2;1;36;0
10005;5404;0;0;0;0;4;0;1;1;1;3;5;2;0;18;0
10006;5404;1;1;0;0;5;1;1;0;1;2;6;2;1;18;0
10007;5405;0;0;1;0;8;1;1;1;0;3;9;1;0;33;0
10008;5405;0;1;0;0;9;2;0;0;1;2;10;1;1;33;0
10029;5416;0;0;1;1;6;0;1;1;0;4;8;1;0;32;0
10030;5416;0;0;0;0;7;1;1;0;1;3;9;1;1;32;0
10037;5420;0;0;0;0;4;0;0;0;1;7;2;2;0;23;0
10038;5420;0;0;0;0;5;1;1;0;1;6;3;1;1;23;0
10063;5433;0;0;1;0;7;1;1;0;0;5;7;0;0;0;0
10064;5433;0;0;1;0;8;1;1;0;0;4;8;0;1;0;0
10075;5439;0;0;1;0;10;0;1;0;1;2;1;2;0;39;0
10076;5439;0;0;1;0;10;0;1;0;1;1;1;2;1;39;0
10077;5440;0;0;1;0;6;1;1;1;1;4;9;2;0;16;0
10078;5440;0;0;1;0;8;0;1;1;1;2;9;2;1;16;0
10205;5139;1;1;1;1;5;1;1;0;1;4;5;1;0;0;0
10206;5139;1;1;1;1;6;1;1;0;1;3;6;1;1;0;0
10211;5127;0;0;0;0;5;1;0;0;1;5;5;1;0;0;0
10212;5127;0;0;0;0;5;1;0;0;1;5;5;1;1;0;0
10213;5184;0;0;1;0;8;0;1;1;0;6;8;1;0;33;0
10214;5184;0;0;1;0;9;0;1;1;0;5;9;1;1;33;0
10219;5048;1;1;1;0;4;1;1;0;1;3;7;1;0;0;0
10220;5048;1;1;1;0;5;1;1;0;1;3;7;2;1;0;0
10221;5141;0;0;0;0;7;0;1;1;1;1;5;2;0;32;0
10222;5141;0;0;0;0;8;0;1;1;1;1;6;2;1;32;0
10223;5142;0;0;0;0;3;1;0;1;0;8;6;1;0;2;0
10224;5142;0;0;0;0;4;1;0;1;0;7;7;1;1;2;0
10225;5143;1;0;1;1;10;1;1;0;1;4;2;1;0;0;0
10226;5143;1;0;1;1;10;1;1;0;1;3;3;1;1;0;0
10227;5216;1;0;0;0;8;1;1;1;0;4;7;1;0;23;0
10228;5216;0;0;0;1;9;1;1;1;0;3;8;1;1;23;0
10237;5454;0;1;0;0;5;0;1;0;1;5;5;1;0;0;0
10238;5454;0;1;0;0;6;0;1;0;1;4;6;1;1;0;0
10239;5296;0;0;1;0;8;1;1;0;0;3;7;2;0;17;0
10240;5296;0;0;1;0;9;1;1;0;0;2;8;2;1;17;0
10245;5028;1;1;1;1;5;2;1;0;0;4;3;1;0;34;0
10246;5355;0;0;1;0;6;0;1;0;1;3;4;1;0;23;0
10247;5028;0;0;1;0;6;2;1;0;1;3;4;1;1;34;0
10248;5355;0;0;1;0;7;0;1;0;1;2;5;1;1;23;0
10347;5652;0;0;1;0;5;0;1;0;1;6;6;2;0;23;0
10348;5652;0;0;1;0;6;0;1;0;1;5;7;2;1;20;0
10363;5137;1;1;1;0;9;1;1;0;0;5;1;1;0;0;0
10364;5137;1;1;1;0;10;1;1;0;0;4;2;1;1;0;0
10365;5140;0;0;0;0;8;0;1;0;0;2;8;0;0;32;0
10366;5140;0;0;0;0;9;0;1;0;0;1;9;0;1;32;0
10367;5660;1;1;1;1;5;1;1;0;0;5;5;1;0;0;0
10368;5660;1;1;1;1;6;1;1;0;0;5;6;1;1;0;0
10401;5099;0;0;1;0;9;1;1;1;1;4;4;1;0;23;0
10402;5302;1;0;0;0;9;1;1;1;0;6;6;1;0;39;0
10403;5302;1;0;0;0;10;1;1;1;0;4;7;1;1;39;0
10404;5298;0;0;1;0;10;1;1;0;1;2;10;1;0;5;0
10405;5298;0;0;1;0;10;1;1;0;1;1;10;1;1;5;0
10412;5217;1;1;1;1;5;1;1;1;0;4;7;2;0;39;0
10413;5217;0;0;0;0;6;1;1;0;1;3;8;2;1;39;0
10416;5370;0;0;1;0;5;1;0;0;0;7;5;2;0;48;0
10417;5370;0;0;1;0;6;1;0;0;0;6;6;2;1;48;0
10422;5096;0;0;1;0;8;0;1;1;1;4;7;1;0;36;0
10423;5096;0;0;1;0;8;0;1;0;1;2;9;2;1;39;0
10428;5099;0;0;1;0;10;1;1;1;1;2;5;1;1;23;0
10431;5452;1;0;0;1;6;0;1;1;1;3;7;1;0;20;0
10432;5452;1;0;0;1;7;0;1;1;1;2;8;1;1;20;0
10685;5145;1;1;1;1;3;1;0;0;0;5;7;1;0;0;0
10686;5145;1;1;1;1;4;1;0;0;0;5;6;1;1;0;0
1073748976;69710;1;1;1;1;6;2;0;0;1;6;6;2;0;49;0
1073748977;69710;0;0;0;0;5;2;1;0;0;7;4;2;1;49;0
1073749010;65815;0;0;1;0;4;2;1;0;0;3;9;2;1;33;0
1073749011;65815;1;1;1;1;10;2;0;0;1;7;5;2;0;33;0
1073749012;65818;0;0;0;0;4;0;1;0;0;7;8;2;1;0;0
1073749013;65818;1;1;0;1;5;2;0;0;0;5;4;2;0;0;0
1073749014;65846;1;1;1;1;4;2;0;0;1;6;6;1;1;33;0
1073749015;65846;1;1;1;1;4;2;0;0;1;6;6;1;0;33;0
1073749020;65831;1;1;1;1;3;2;0;1;0;6;6;1;0;33;0
1073749021;65831;1;1;1;1;3;2;0;1;0;6;6;1;1;33;0
1073749034;68113;0;0;0;1;6;2;1;0;0;7;6;2;1;53;0
1073749035;68113;1;1;1;0;8;2;0;1;0;7;6;2;0;53;0
1073749459;67112;0;1;1;1;7;2;0;1;1;5;4;2;0;39;0
1073749460;67112;0;1;1;0;7;2;0;1;1;5;4;2;1;39;0
1073749461;66877;0;1;1;0;5;2;0;0;1;7;6;2;0;0;0
1073749462;66877;0;1;1;0;5;0;0;0;1;7;6;2;1;0;0
1073749479;69703;0;1;0;1;7;2;0;1;0;8;6;2;0;23;0
1073749480;69703;0;1;0;1;7;2;0;1;0;8;6;2;1;23;0
1073749513;67025;0;1;0;0;5;2;1;1;0;5;5;2;0;49;0
1073749516;67025;0;0;0;0;7;0;1;1;0;5;5;2;1;49;0
1073749519;69709;0;1;1;0;7;2;1;0;1;4;6;2;0;17;0
1073749520;69709;0;1;1;0;8;2;1;0;1;4;7;2;1;17;0
1073749527;69712;1;1;1;0;4;2;0;1;0;5;5;2;0;0;0
1073749528;69712;1;1;1;0;4;2;0;1;0;6;6;2;1;0;0
1073749529;68103;1;1;1;0;6;2;0;1;0;5;5;2;0;49;0
1073749530;68103;0;1;0;1;5;2;1;1;1;6;6;2;1;49;0
1073749533;66871;0;1;1;1;5;1;0;1;0;6;3;1;0;23;0
1073749534;66871;1;0;1;1;5;0;0;1;1;4;5;2;1;23;0
1073749799;65813;0;0;0;0;5;1;1;1;1;5;5;2;0;0;0
1073749800;65813;0;0;1;0;5;1;1;1;1;6;5;2;1;0;0
1073749808;66885;1;1;1;0;5;1;1;0;0;7;6;2;0;17;0
1073749809;66885;1;1;1;0;5;1;1;0;0;5;8;2;1;17;0
1073749812;70487;0;1;0;1;4;2;1;0;1;4;5;2;0;17;0
1073749813;70487;0;1;1;1;5;2;1;1;1;5;5;2;1;17;0
1073749846;66895;1;0;1;0;3;2;1;0;1;2;2;1;0;23;0
1073749847;66895;1;1;1;1;2;1;1;0;1;2;3;1;1;23;0
1073749934;65686;0;0;0;0;7;0;0;1;0;4;9;2;0;0;0
1073749935;65686;0;0;0;0;7;0;0;1;0;3;9;2;1;0;0
1073749938;65688;1;1;0;0;3;2;1;1;0;10;7;2;0;3;0
1073749939;65688;1;1;0;0;3;2;1;1;0;10;7;2;1;3;0
1073749948;65694;1;1;1;1;3;2;1;1;1;6;1;1;0;6;0
1073749949;65694;1;1;1;1;3;1;1;1;1;5;1;1;1;6;0
1073750563;68116;0;0;0;0;1;1;0;0;0;1;1;1;0;0;0
1073750564;68116;0;0;0;0;1;1;0;0;0;1;1;1;1;0;0
1073750720;69630;1;1;0;1;3;2;0;1;0;7;7;1;0;34;0
1073750721;69630;1;1;0;1;3;2;0;1;0;7;7;1;1;34;0
1073750850;69706;0;0;0;0;1;1;0;0;0;1;1;1;0;0;0
1073750851;69706;0;0;0;0;1;1;0;0;0;1;1;1;1;0;0
1073751318;70484;0;0;0;0;1;1;0;0;0;1;1;1;0;17;0
1073751319;70484;0;0;0;0;1;1;0;0;0;1;1;1;1;17;0
1073751324;70489;0;0;0;0;1;1;0;0;0;1;1;1;0;37;0
1073751325;70489;0;0;0;0;1;1;0;0;0;1;1;1;1;37;0
1073751627;70709;1;1;1;1;5;1;1;1;1;4;6;2;0;39;0
1073751628;70709;1;1;1;1;6;1;1;1;1;4;7;1;1;39;0
1073751811;70931;1;1;1;1;4;2;0;1;0;6;6;1;0;32;0
1073751812;70931;0;1;0;0;5;1;0;0;1;5;6;1;1;32;0
1073752039;67114;0;1;0;0;6;1;1;0;1;7;6;1;0;39;0
1073752040;67114;0;0;0;1;8;1;1;1;0;2;8;1;1;39;0
1073752199;71200;1;1;1;1;4;1;0;1;0;5;4;1;0;0;0
1073752200;71200;0;0;0;0;6;1;1;0;1;5;6;1;1;0;0
1073752209;71205;1;1;1;1;4;1;0;1;0;5;4;1;0;0;0
1073752210;71205;0;0;0;0;6;1;1;0;1;5;6;1;1;0;0
1073752223;71212;1;1;1;1;4;1;0;1;0;5;4;1;0;0;0
1073752224;71212;0;0;0;0;6;1;1;0;1;5;6;1;1;0;0
